Well,Date,Time,Mud Wt. In (ppg),Mud Wt. Out  (ppg),Temp Out deg °F,Funnel Viscosity ,Fann 600 rpm,Fann 300 rpm,Fann 200 rpm,Fann 100 rpm,Fann 6 rpm,Fann 3 rpm,Plastic Viscosity (lb/100ft²),Yield Point (lb/100ft²),Gel 10Sec (lb/100ft²),Gel 10min (lb/100ft²),n,K,API Fluid Loss (ml),Cake mm,pH,Pm,Pf,Mf,Chloride mg/l,Ca+ mg/l,NaO mg/l,KCl ppb,K+ mg/l,HTHP Water(ml) ,HTHP (Cake mm),Water % ,Retort Solids  % ,Corrected Solids %,Oil%,Sand %,Solids ASG,LGS %,HGS % ,MBT
OVHOR - 13,7/16/2012,8:00HRS,,,,,,,,,,,,,,,,,,,9,,,,2800,200,,,,,,,,,,,,,,
,,15:00HRS,8.9,8.9,,65,65,50,42,37,25,23,15,35,26,30,0.4,2.4,,,9,,,,2800,200,,,,,,,,,,,,,,
,,24:00HRS,8.9,8.9,,65,65,50,42,37,25,23,15,35,26,30,0.4,2.4,,,9,,,,2800,200,,,,,,,,,,,,,,
,7/17/2012,8:00HRS,8.7,8.7,,80,35,29,21,17,10,8,6,23,13,26,0.3,2.7,15,2,9,,,,2800,200,,,,,,98,2,,,0.8,,,,20
,,15:00HRS,8.7,8.7,,80,35,29,21,17,10,8,6,23,13,26,0.3,2.7,15,2,9,,,,2800,200,,,,,,98,2,,,0.8,,,,20
,,24:00HRS,8.7,8.7,,80,35,29,21,17,10,8,6,23,13,26,0.3,2.7,15,2,9,,,,2800,200,,,,,,98,2,,,0.8,,,,20
,7/18/2012,8:00HRS,8.7,8.7,,80,35,29,21,17,,8,6,23,13,26,0.3,2.7,15.5,2,9,,,,2800,200,,,,,,98,2,,,0.8,,,,20
,,15:00HRS,8.7,8.7,,80,35,29,21,17,10,8,6,23,13,26,0.3,2.7,15.5,2,9,,,,2800,200,,,,,,98,2,,,0.8,,,,20
,,24:00HRS,8.7,8.7,,80,35,29,21,17,,8,6,23,13,26,0.3,2.7,15.5,2,9,,,,2800,200,,,,,,98,2,,,0.8,,,,20
,7/19/2012,8:00HRS,8.7,8.8,,69,,,,,,,,,,,,,9,1,9,1.1,0.65,0.9,24000,200,,18,27000,,,98,2,,,,,,,10
,,15:00HRS,8.8,8.7,,60,35,29,21,17,10,,6,23,8,19,0.3,2.7,7,1,9,1.1,0.65,0.9,33000,200,,23,34500,,,97,2,,1,0.8,,,,10
,,24:00HRS,9,9,,,50,41,33,21,10,9,9,32,10,22,0.3,3.5,7,1,9,1.1,0.65,0.9,22000,200,,29.4,44100,,,98,2,,,0.8,,,,10
,7/20/2012,8:00HRS,8.8,8.8,,60,51,41,21,21,10,,9,32,8,19,0.3,3.5,8,1,9,1.1,0.65,0.9,22000,200,,18,27000,,,92,2,,2,0.2,,,,10
,,15:00HRS,8.8,8.8,,60,51,41,21,21,10,,9,32,8,19,0.3,3.5,7,1,9,1.1,0.65,0.9,22000,200,,23,34500,,,92,2,,2,0.2,,,,10
,,24:00HRS,8.8,8.8,,60,51,41,21,21,10,,9,32,8,19,0.3,3.5,7,1,9,1.1,0.65,0.9,22000,200,,29.4,44100,,,92,2,,2,0.2,,,,10
,7/21/2012,8:00HRS,8.8,8.8,,67,55,40,31,23,10,7,15,25,9,19,0.5,,7,1,9,1.1,0.65,0.9,39000,200,,28,42000,,,94,4,4.08,2,0.8,6.12,2.42,4.4,10
,,15:00HRS,8.8,8.9,,60,56,40,32,23,9,6,16,24,8,19,0.5,1,6,1,9,1.1,0.65,0.9,39000,200,,28,42000,,,94,4,4.08,2,0.8,6.12,2.42,4.4,10
,,24:00HRS,8.8,8.8,,65,56,40,34,25,10,9,15,26,10,22,0.4,1.3,7,1,9,1.1,0.65,0.9,39000,200,,28,42000,,,94,4,4.08,2,0.8,6.12,2.42,4.4,10
,7/22/2021,8:00HRS,8.9,8.9,,,65,56,41,34,25,10,9,47,10,15,0.2,7.5,6,1,9,1.1,0.65,0.9,22000,200,,28,42000,,,93,4,4.08,3,0.8,6.12,2.42,4.4,10
,,15:00HRS,8.9,8.9,,60,52,39,34,30,11,8,13,26,10,15,0.4,1.5,6,1,9,1.1,0.65,0.9,22000,200,,28,42000,,,94,3,4.08,3,1.2,6.12,2.9,4.4,10
,,24:00HRS,8.9,8.9,,60,53,40,33,25,11,8,13,27,10,15,0.4,1.6,6,1,9,1.1,0.65,0.9,22000,200,,28,42000,,,94,3,4.08,3,0.9,6.12,2.9,4.4,10
,7/23/2012,8:00HRS,8.9,8.9,,60,53,40,33,25,11,8,13,27,10,15,0.4,,6,1,9,1.1,0.65,0.9,22000,200,,28,42000,,,93,4,4.08,3,1.2,6.12,2.42,4.4,10
,,15:00HRS,8.9,8.9,,54,52,39,34,30,11,8,13,26,10,15,0.4,1.5,6,1,9,1.1,0.65,0.9,22000,200,,28,42000,,,93,4,4.08,3,1.2,6.12,2.9,4.4,10
,,24:00HRS,8.9,8.9,,60,53,40,33,25,11,8,13,27,10,15,0.4,1.6,6,1,9,1.1,0.65,0.9,22000,200,,28,42000,,,93,4,4.08,3,0.9,6.12,2.9,4.4,10
,7/24/2012,8:00HRS,8.9,8.9,,60,53,40,33,25,11,8,13,27,8,17,0.4,1.2,6,1,9,1.1,0.65,0.9,22000,200,,28,42000,,,94,4,4.08,3,0.8,6.12,2.42,4.4,10
,,15:00HRS,8.9,8.9,,58,58,42,34,25,10,8,16,26,10,15,0.5,1.2,5,1,9,1.1,0.65,0.9,22000,200,,28,42000,,,94,3,4.08,3,1,6.1,2.9,4.4,10
,,24:00HRS,8.9,8.9,,60,57,42,34,24,10,8,15,27,10,15,0.4,1.4,5,1,9,1.1,0.65,0.9,22000,200,,28,42000,,,94,3,4.08,3,1,6.12,2.9,4.4,10
,7/25/2012,8:00HRS,8.9,8.9,,58,58,42,34,25,10,8,16,26,10,15,0.5,1.2,4.8,1,9,1.1,0.7,1,22000,200,,28,42000,,,94,3,4.08,3,1,6.12,2.42,4.4,10
,,15:00HRS,8.9,8.9,,58,58,42,34,25,10,8,16,26,10,15,0.5,1.2,4.8,1,9,1.1,0.7,1,22000,200,,28,42000,,,94,3,4.08,3,1,6.12,2.9,4.4,10
,,24:00HRS,8.9,8.9,,60,57,42,34,24,10,8,15,27,10,10,0.4,1.4,4.8,1,9,1.1,0.7,1,22000,200,,28,42000,,,94,3,4.08,3,1,6.12,2.9,4.4,10
,7/26/2012,8:00HRS,8.9,8.9,,60,57,42,34,24,10,8,15,27,10,10,0.4,1.2,5,1,9,1.1,0.7,1,22000,200,,28,42000,,,94,3,4.08,3,1,6.12,2.42,4.4,10
,,15:00HRS,8.9,8.9,,58,58,42,34,25,10,8,16,26,10,15,0.5,1.2,4.8,1,9,1.1,0.7,1,22000,200,,28,42000,,,94,3,4.08,3,1,6.12,2.9,4.4,10
,,24:00HRS,8.9,8.9,,60,57,42,34,24,10,8,15,27,10,10,0.4,1.4,4.8,1,9,1.1,0.7,1,22000,200,,28,42000,,,94,3,4.08,3,1,6.12,2.9,4.4,10
,7/27/2012,8:00HRS,8.9,8.9,,52,45,36,30,22,8,6,9,27,9,12,0.3,1.2,4.5,1,9,1.1,0.7,1,22000,200,,28,42000,,,94,3,4.08,3,1,6.12,2.42,4.4,10
,,15:00HRS,8.9,8.9,,51,45,34,29,21,8,8,11,23,9,12,0.4,1.4,4.5,1,9,1.1,0.65,1,22000,200,,28,42000,,,94,3,4.08,3,1,6.1,2.9,4.4,10
,,24:00HRS,8.9,8.9,,48,44,30,29,21,8,8,14,16,9,12,0.6,0.5,4.5,1,9,1.1,0.65,1,22000,200,,28,42000,,,94,3,4.08,3,1,6.1,2.9,4.4,10
,7/28/2012,8:00HRS,8.9,8.9,,44,43,30,28,21,8,8,13,17,,11,0.5,1.4,4.5,1,9,1.1,0.7,1,22000,200,,28,42000,,,94,3,4.08,3,1,6.12,2.42,4.4,10
,,15:00HRS,8.9,8.9,,47,45,34,29,21,8,8,11,23,9,12,0.4,1.4,4.5,1,9,1.1,0.7,1,22000,200,,28,42000,,,94,3,4.08,3,1,6.1,2.9,4.4,10
,,24:00HRS,8.9,8.9,,47,44,30,29,21,8,8,14,16,9,12,0.6,0.5,4.5,1,9,1.1,0.65,0.9,22000,200,,28,42000,,,94,3,4.08,3,1,6.1,2.9,4.4,10
,7/29/2012,8:00HRS,8.9,8.9,,48,41,32,28,20,7,8,9,23,9,11,0.4,,4.8,1,9,1.1,0.7,1,22000,200,,28,42000,,,94,3,4.08,3,1,6.12,2.42,4.4,10
,,15:00HRS,8.9,8.9,,45,40,31,29,21,8,8,9,22,9,12,0.4,1.6,4.8,1,9,1.1,0.7,1,22000,200,,28,42000,,,94,3,4.08,3,1,6.1,2.9,4.4,10
,,24:00HRS,8.9,8.9,,45,41,30,29,21,8,8,11,19,9,12,0.5,0.9,4.8,1,9,1.1,0.65,0.9,22000,200,,28,42000,,,94,3,4.08,3,1,6.12,2.9,4.4,10
OBEN - 15ST,5/2/2012,8:00HRS,9.1,9.1,,63,80,60,40,42,8,6,20,40,6,11,0.4,,3.4,1,9.5,0.6,0.35,0.4,41000,80,,28,42000,,,92,6,3.97,4,1,3,2.19,1,4
,,15:00HRS,9.1,9.1,,60,75,55,42,36,11,7,20,35,7,13,0.4,1.7,3.4,1,9.5,0.6,0.35,0.4,41000,80,,28,42000,,,92,6,3.97,4,0.6,3,2.19,1,4
,,24:00HRS,9.1,9.1,,70,80,55,41,31,8,6,25,30,6,10,0.5,1,3.4,1,9.5,0.6,0.35,0.4,41000,80,,28,42000,,,92,6,3.97,4,0.6,3,2.19,1,4
OBEN - 8,8/5/2012,8:00HRS,9.2,9.2,,55,58,42,32,25,12,8,16,26,8,13,0.5,1.2,4.5,1,9.5,0.6,0.35,0.4,68000,,,42,63000,,,89,5,3.97,6,0.5,3,2,0.8,3
,,15:00HRS,9.2,9.2,,57,57,42,32,26,12,9,15,27,8,13,0.4,1.4,4.5,1,9.5,0.6,0.35,0.4,68000,,,42,63000,,,89,5,3.97,6,0.5,3,2,0.8,3
,,24:00HRS,9.2,9.2,,56,57,42,32,26,12,9,15,27,8,13,0.4,1.4,4.5,1,9.5,0.6,0.35,0.4,68000,,,42,63000,,,89,5,3.97,6,0.5,3,2,0.8,3
,8/6/2012,8:00HRS,9.2,9.2,,56,57,42,32,26,12,9,14,28,8,13,0.4,1.6,4.5,1,9.5,0.6,0.35,0.4,68000,,,42,63000,,,89,5,3.97,6,0.5,3,2,0.8,3
,,15:00HRS,9.2,9.2,,57,58,41,32,26,12,9,17,24,8,13,0.5,0.9,4.5,1,9.5,0.6,0.35,0.4,68000,,,42,63000,,,89,5,3.97,6,0.5,3,2,0.8,3
,,24:00HRS,9.2,9.2,,56,57,42,32,26,12,9,15,27,8,13,0.4,1.4,4.5,1,9.5,0.6,0.35,0.4,68000,,,42,63000,,,89,5,3.97,6,0.5,3,2,0.8,3
,8/7/2012,8:00HRS,9.2,9.2,,56,57,42,32,26,12,9,15,27,8,12,0.4,1.4,4.5,1,9.5,0.6,0.35,0.4,68000,,,42,63000,,,89,5,3.97,6,0.5,3,2,0.8,3
,,15:00HRS,9.2,9.2,,57,58,41,32,26,12,9,17,24,8,12,0.5,0.9,4.5,1,9.5,0.6,0.35,0.4,68000,,,42,63000,,,89,5,3.97,6,0.5,3,2,0.8,3
,,24:00HRS,9.2,9.2,,57,58,41,32,26,12,9,17,24,8,12,0.5,0.9,4.5,1,9.5,0.6,0.35,0.4,68000,,,42,63000,,,89,5,3.97,6,0.5,3,2,0.8,3
,8/8/2012,8:00HRS,9.2,,,56,58,41,32,26,12,9,17,24,8,12,0.5,0.9,4.5,1,9.5,0.6,0.35,0.4,68000,,,42,63000,,,89,5,3.97,6,TRACE,3,2,0.5,3
,,15:00HRS,9.2,,,57,57,41,32,26,12,9,16,25,8,13,0.5,1.1,4.5,1,9.5,0.6,0.35,0.4,68000,,,42,63000,,,89,5,3.97,6,TRACE,3,2,0.6,3
,,24:00HRS,9.2,,,57,57,41,32,26,12,9,16,25,,13,0.5,1.1,4.5,1,9.5,0.6,0.35,0.4,68000,,,42,63000,,,89,5,3.97,6,TRACE,3,2,0.6,3
,8/9/2012,8:00HRS,9.2,,,53,71,51,41,29,12,9,20,31,8,13,0.5,1.3,4.5,1,9.5,0.6,0.35,0.4,68000,,,42,63000,,,89,5,3.97,6,TRACE,3,2,0.5,3
,,15:00HRS,9.2,,,54,70,50,42,28,12,9,20,30,8,12,0.5,1.2,4.5,1,9.5,0.6,0.35,0.4,68000,,,42,63000,,,89,5,3.97,6,TRACE,3,2,0.6,3
,,24:00HRS,9.2,,,54,66,47,38,27,12,9,19,28,8,12,0.5,1.1,4.5,1,9.5,0.6,0.35,0.4,68000,,,42,63000,,,89,5,3.97,6,TRACE,3,2,0.6,3
,8/10/2012,8:00HRS,9.2,,,53,66,47,38,27,12,9,19,28,8,12,0.5,1.1,4,1,9.5,0.6,0.35,0.4,68000,,,42,63000,,,89,5,3.97,6,TRACE,3,2,0.5,3
,,15:00HRS,9.2,,,54,69,48,42,28,12,9,21,27,8,12,0.5,0.9,4,1,9.5,0.6,0.35,0.4,68000,,,42,63000,,,89,5,3.97,6,TRACE,3,2,0.6,3
,,24:00HRS,9.2,,,55,69,48,42,28,12,9,21,27,,,0.5,0.9,4,1,9.5,0.6,0.35,0.4,68000,,,42,63000,,,89,5,3.97,6,TRACE,3,2,0.6,3
,8/11/2012,8:00HRS,9.2,9.2,,50,67,47,42,28,12,9,20,27,8,12,0.5,1,4,1,9.5,0.6,0.35,0.4,68000,,,42,63000,,,89,5,3.97,6,TRACE,3,2.1,0.5,3
,,15:00HRS,9.2,9.2,,52,69,48,42,28,12,9,21,27,8,12,0.5,0.9,4,1,9.5,0.6,0.35,0.4,68000,,,42,63000,,,89,5,3.97,6,TRACE,3,2.1,0.5,3
,,24:00HRS,9.2,,,51,69,48,42,28,12,9,21,27,,,0.5,0.9,4,1,9.5,0.6,0.35,0.4,68000,,,42,63000,,,89,5,3.97,6,TRACE,3,2.1,0.5,3
,8/12/2012,8:00HRS,9.2,9.2,,51,69,48,42,28,12,9,21,27,8,12,0.5,0.9,4,1,9.5,0.6,0.35,0.4,68000,,,42,63000,,,89,5,3.97,6,TRACE,3,2.1,0.5,3
,,15:00HRS,9.2,9.2,,50,68,47,41,29,12,9,21,26,8,12,0.5,0.9,4,1,9.5,0.6,0.35,0.4,68000,,,42,63000,,,89,5,3.97,6,TRACE,3,2.1,0.5,3
,,24:00HRS,9.2,9.2,,52,69,47,42,29,12,9,20,27,8,12,0.5,0.9,4,1,9.5,0.6,0.35,0.4,68000,,,42,63000,,,89,5,3.97,6,TRACE,3,2.1,0.5,3
,8/13/2012,8:00HRS,9.3,9.2,,52,67,47,42,29,12,9,20,27,8,12,0.5,1,4,1,9.5,0.6,0.35,0.4,68000,,,42,63000,,,89,5,3.97,6,TRACE,3,2.1,0.5,3
,,15:00HRS,9.3,9.3,,50,68,47,41,29,12,9,21,26,8,12,0.5,0.9,4,1,9.5,0.6,0.35,0.4,68000,,,42,63000,,,89,5,3.97,6,TRACE,3,2.1,0.5,3
,,24:00HRS,9.3,9.3,,50,68,47,41,29,12,9,21,26,8,12,0.5,0.9,4,1,9.5,0.6,0.35,0.4,68000,,,42,63000,,,89,5,3.97,6,TRACE,3,2.1,0.5,3
,8/14/2012,8:00HRS,9.3,,,50,68,47,41,29,12,9,21,26,8,12,0.5,0.9,4,1,9.5,0.6,0.35,0.4,68000,,,42,63000,,,89,5,3.97,6,TRACE,3,2.1,0.5,3
,,15:00HRS,9.3,,,52,68,47,41,29,12,9,21,26,8,12,0.5,0.9,4,1,9.5,0.6,0.35,0.4,68000,,,42,63000,,,89,5,3.97,6,TRACE,3,2.1,0.5,3
,,24:00HRS,9.3,,,51,68,47,41,29,12,9,21,26,8,12,0.5,0.9,4,1,9.5,0.6,0.35,0.4,68000,,,42,63000,,,89,5,3.97,6,TRACE,3,2.1,0.5,3
OVHOR - 14,9/26/2012,8:00HRS,8.6,,,96,75,57,49,41,24,18,18,39,13,24,0.4,,17,2,9,1,0.6,0.9,2800,200,,,,,,97,3,,,0.3,,,,20
,,15:00HRS,8.6,,,96,76,58,47,41,23,18,18,40,13,24,0.4,2.6,17,2,9,1,0.6,0.9,2800,200,,,,,,97,3,,,0.3,,,,20
,,24:00HRS,8.6,,,96,75,57,49,41,24,18,18,39,13,24,0.4,2.5,17,2,9,1,0.6,0.9,2800,200,,,,,,97,3,,,0.3,,,,20
,9/27/2012,8:00HRS,8.6,,,95,74,56,48,40,23,17,18,38,13,24,0.4,2.4,17,2,9,1,0.6,0.9,2800,200,,,,,,97,3,,,0.8,,,,20
,,15:00HRS,8.6,,,95,74,56,48,40,23,17,18,38,13,24,0.4,2.3,17,2,9,1,0.6,0.9,2800,200,,,,,,97,3,,,0.3,,,,20
,,24:00HRS,8.6,,,95,74,56,48,40,23,17,18,38,13,24,0.4,2.3,17,2,9,1,0.6,0.9,2800,200,,,,,,97,3,,,0.3,,,,20
,9/28/2012,8:00HRS,8.6,,,95,74,56,48,40,23,17,18,38,,,0.4,2.3,17,2,9,1,0.6,0.9,2800,200,,,,,,97,3,,,0.3,,,,20
,,15:00HRS,8.6,,,95,74,56,48,40,23,17,18,38,13,24,0.4,2.3,17,2,9,1,0.6,0.9,2800,200,,,,,,97,3,,,0.3,,,,20
,,24:00HRS,8.6,,,95,74,56,48,40,23,17,18,38,13,24,0.4,2.3,17,2,9,1,0.6,0.9,2800,200,,,,,,97,3,,,0.3,,,,20
,9/29/2012,8:00HRS,,,,,,,,,,,,,,,,,,,,,,,,,,,,,,,,,,,,,,
,,15:00HRS,8.6,,,98,77,58,47,39,22,18,19,39,16,25,0.4,2.3,17,2,9,1,0.6,0.9,2800,200,,,,,,97,3,,,0.3,,,,20
,,24:00HRS,8.6,,,98,77,58,47,39,22,18,19,39,16,25,0.4,2.3,17,2,9,1,0.6,0.9,2800,200,,,,,,97,3,,,0.3,,,,20
,9/30/2012,8:00HRS,8.6,,,96,76,58,45,39,22,,18,40,16,25,0.4,2.3,17,2,9,1,0.6,0.9,2800,200,,,,,,97,3,,,0.3,,,,20
,,15:00HRS,8.6,,,98,77,58,47,39,22,18,19,39,16,25,0.4,2.3,17,2,9,1,0.6,0.9,2800,200,,,,,,97,3,,,0.3,,,,20
,,24:00HRS,8.6,,,98,77,58,47,39,22,18,19,39,16,25,0.4,2.3,17,2,9,1,0.6,0.9,2800,200,,,,,,97,3,,,0.3,,,,20
,10/1/2012,8:00HRS,8.6,,,98,77,58,47,39,22,18,19,39,16,25,0.4,2.3,17,2,9,1,0.6,0.9,2800,200,,,,,,97,3,,,0.3,,,,20
,,15:00HRS,8.6,,,98,77,58,47,39,22,18,19,39,16,25,0.4,2.3,17,2,9,1,0.6,0.9,2800,200,,,,,,97,3,,,0.3,,,,20
,,24:00HRS,8.6,,,98,77,58,47,39,22,18,19,39,16,25,0.4,2.3,17,2,9,1,0.6,0.9,2800,200,,,,,,97,3,,,0.3,,,,20
,10/5/2012,8:00HRS,8.6,8.7,,98,77,58,47,39,22,18,19,39,16,25,0.4,2.3,17,2,9,1,0.6,0.9,2800,200,,,,,,97,3,,,0.3,,,,20
,,15:00HRS,8.7,8.8,,70,65,48,43,35,18,12,17,31,12,23,0.4,1.6,15,2,9.5,1,0.6,0.9,2800,200,,,,,,96,4,,,9,,,,20
,,24:00HRS,8.6,8.6,,65,63,49,40,31,17,13,14,35,13,22,0.4,2.6,13,1,9.5,1,0.6,0.9,2800,200,,,,,,97,3,,,0.6,,,,20
,10/6/2012,8:00HRS,8.6,8.6,95,65,63,49,40,31,17,13,14,35,13,23,0.4,2.6,10,1,9.5,1,0.6,0.9,2800,200,,7.1,10650,,,97,3,,,0.6,,,,10
,,15:00HRS,8.8,8.8,96,65,63,49,40,31,17,13,14,35,13,23,0.4,2.6,10,1,9.5,1,0.6,0.9,19000,200,,14,21000,,,95,2,,3,1,,,,10
,,24:00HRS,8.8,8.8,96,60,62,44,38,30,15,11,18,26,11,20,0.5,1,6,1,9.5,1,0.6,0.9,34000,200,,25,37500,,,95,2,,3,1,,,,10
,10/7/2012,8:00HRS,8.8,8.8,98,60,62,44,38,30,15,11,18,26,12,21,0.5,1,6,1,9.5,1,0.6,0.9,34000,200,,25,37500,,,95,2,4,3,1,6.1,1.5,4.4,10
,,15:00HRS,8.9,8.9,99,61,62,45,40,29,16,12,17,28,12,23,0.5,1.3,5.6,1,9.5,1,0.6,0.9,34000,200,,25,37500,,,95,2,0.18,3,1,22.36,1.52,1.34,10
,,24:00HRS,8.9,8.9,100,67,64,45,42,31,17,14,19,26,13,25,0.5,1,5.5,1,9.5,1,0.6,0.9,34000,200,,25,37500,,,95,2,0.18,3,1,22.36,1.52,1.34,10
,10/8/2012,8:00HRS,8.9,8.9,101,65,64,45,42,31,17,14,19,26,12,25,0.5,,5.5,1,9.5,1,0.6,0.9,34000,200,,25,37500,,,95,2,4,3,0.6,6.1,1.5,4.4,10
,,15:00HRS,9,9,103,65,64,45,42,31,17,14,19,26,12,25,0.5,1,5.5,1,9.5,1,0.6,0.9,34000,200,,25,37500,,,95,2,0.18,3,1,22.36,1.52,1.34,10
,,24:00HRS,9,,,65,64,45,42,31,17,14,19,26,12,25,0.5,1,5.5,1,9.5,1,0.6,0.9,34000,200,,25,37500,,,95,2,0.18,3,1,22.36,1.52,1.34,10
,10/9/2012,8:00HRS,9,,,65,64,45,42,31,17,14,19,26,12,25,0.5,1,5.5,1,9.5,1,0.6,0.9,34000,200,,25,37500,,,95,2,0.18,3,1,22.36,1.52,1.34,10
,,15:00HRS,9,,,65,64,45,42,31,17,14,19,26,12,25,0.5,1,5.5,1,9.5,1,0.6,0.9,34000,200,,25,37500,,,95,2,0.18,3,1,22.36,1.52,1.34,10
,,24:00HRS,9,9,,65,64,45,42,31,17,14,19,26,12,25,0.5,1,5.5,1,9.5,1,0.6,0.9,34000,200,,25,37500,,,95,2,0.18,3,1,22.36,1.52,1.34,10
,10/10/2012,8:00HRS,9,9,102,65,64,45,42,31,17,14,19,26,12,25,0.5,1,5.5,1,9.5,1,0.6,0.9,34000,200,,25,37500,,,94,2,0.18,4,1,22.36,1.52,1.34,10
,,15:00HRS,9.1,9.1,104,58,57,45,42,30,17,13,12,33,12,26,0.3,2.6,5,1,9.5,1,0.6,0.9,34000,200,,25,37500,,,94,2,0.18,4,1,22.36,1.52,1.34,10
,,24:00HRS,9.1,9.1,108,58,56,44,43,31,16,13,12,32,12,26,0.3,2.6,5,1,9.5,1,0.6,0.9,34000,200,,25,37500,,,94,2,0.18,4,1,22.36,1.52,1.34,10
,10/11/2012,8:00HRS,9.1,9.1,112,54,56,44,43,31,16,13,12,32,12,25,0.3,2.7,5,1,9.5,1,0.6,0.9,34000,200,,25,37500,,,94,2,0.18,4,1,22.36,1.52,1.34,10
,,15:00HRS,9.1,9.1,114,54,57,45,42,30,17,13,12,33,12,26,0.3,2.7,5,1,9.5,1,0.6,0.9,34000,200,,25,37500,,,94,2,0.18,4,1,22.36,1.52,1.34,10
,,24:00HRS,9.1,9.1,116,52,56,45,42,31,17,13,11,34,12,26,0.3,3.2,5,1,9.5,1,0.6,0.9,34000,200,,25,37500,,,94,2,0.18,4,1,22.36,1.52,1.34,10
,10/12/2012,8:00HRS,9.1,9.2,113,52,56,45,42,31,17,13,11,34,11,25,0.3,,4,1,9.5,1,0.6,0.9,34000,200,,25,37500,,,94,2,0.18,4,1,22.36,1.52,1.34,10
,,15:00HRS,9.2,9.2,113,51,54,45,42,31,17,13,9,36,11,,0.3,4.5,4,1,9.5,1,0.6,0.9,34000,200,,25,37500,,,94,2,0.18,4,1,22.36,1.52,1.34,10
,,24:00HRS,9.2,9.2,114,51,55,43,41,31,16,13,12,31,11,,0.4,2.4,4,1,9.5,1,0.6,0.9,34000,200,,25,37500,,,94,2,0.18,4,1,22.36,1.52,1.34,10
,10/13/2012,8:00HRS,9.2,9.2,116,50,55,43,41,31,16,13,12,31,11,20,0.4,2.5,4,1,9.5,1,0.6,0.9,34000,200,,25,37500,,,94,2,0.18,4,0.4,22.6,1.52,1.34,10
,,15:00HRS,9.2,9.2,117,50,54,45,41,31,16,13,9,36,11,20,0.3,4.5,4,1,9.5,1,0.6,0.9,34000,200,,25,37500,,,94,2,0.18,4,0.4,22.6,1.52,1.34,10
,,24:00HRS,9.2,9.3,118,50,54,43,40,30,16,13,11,32,11,20,0.3,2.8,4,1,9.5,1,0.6,0.9,34000,200,,25,37500,,,94,2,0.18,4,0.4,22.6,1.55,1.34,10
,10/14/2012,8:00HRS,9.2,,,50,54,43,40,30,16,13,11,32,11,20,0.3,,4,1,9.5,1,0.6,0.9,34000,200,,25,37500,,,94,2,0.18,4,0.4,22.6,1.55,1.34,10
,,15:00HRS,9.2,,,50,54,45,41,31,16,13,9,36,11,20,0.3,4.5,4,1,9.5,1,0.6,0.9,34000,200,,25,37500,,,94,2,0.18,4,0.4,22.6,1.55,1.34,10
,,24:00HRS,9.2,,,50,54,43,40,30,16,13,11,32,11,20,0.3,2.8,4,1,9.5,1,0.6,0.9,34000,200,,25,37500,,,94,2,0.18,4,0.4,22.6,1.55,1.34,10
,10/15/2012,8:00HRS,9.2,,,50,54,45,41,31,16,13,9,36,11,20,0.3,,4,1,9.5,1,0.6,0.9,34000,200,,25,37500,,,94,2,0.18,4,0.4,22.6,1.55,1.34,10
,,15:00HRS,9.2,,,50,54,45,41,31,16,13,9,36,11,20,0.3,4.5,4,1,9.5,1,0.6,0.9,34000,200,,25,37500,,,94,2,0.18,4,0.4,22.6,1.55,1.34,10
,,24:00HRS,9.2,,,50,54,43,40,30,16,13,11,32,11,20,0.3,2.8,4,1,9.5,1,0.6,0.9,34000,200,,25,37500,,,94,2,0.18,4,0.4,22.6,1.55,1.34,10
OBEN - 36,10/14/2012,8:00HRS,8.7,8.7,,100,90,70,62,50,20,15,20,50,,,0.4,,4,1,9.5,0.4,0.2,0.5,,240,,,,,,98,2,0.39,,0.5,2,1.2,0.3,25
,,15:00HRS,8.7,8.8,,90,85,63,51,31,16,10,22,41,,,0.4,2.2,6,1,9.5,0.4,0.2,0.5,,210,,,,,,97,3,0.4,,0.5,2,1.2,0.3,15
,,24:00HRS,8.8,8.8,,80,82,61,50,30,15,10,21,40,15,,0.4,2.2,6,1,9.5,0.4,0.2,0.5,,210,,,,,,97,3,0.4,,0.5,2,1.2,0.3,15
,10/15/2012,8:00HRS,8.8,8.8,,80,82,61,50,30,15,10,21,40,15,20,0.4,,6,1,9.5,0.4,0.2,0.5,,210,,,,,,97,3,0.4,,0.5,2,1.2,0.3,15
,,15:00HRS,8.7,,,80,82,61,50,30,15,10,21,40,37,22,0.4,2.2,6,1,9.5,0.4,0.2,0.5,,190,,,,,,97,3,0.4,,1,2,1.8,0.3,12
,,24:00HRS,8.7,8.7,,75,70,58,45,30,20,15,12,46,10,15,0.3,5.5,5,1,9.5,0.4,0.2,0.5,,250,,,,,,98,2,0.4,,1,2,1.5,0.3,10
,10/17/2012,8:00HRS,8.8,8.8,,75,55,45,35,25,20,15,10,35,9,14,0.3,3.8,4,1,9.5,0.3,0.2,0.4,57400,250,,22,33000,,,94,5,3.7,1,3,2,1.7,1.3,10
,,15:00HRS,9,9,,70,52,42,31,25,15,11,10,32,9,14,0.3,3.1,4,1,9.5,0.3,0.2,0.4,57400,250,,22,33000,,,94,5,3.7,1,3,2,1.7,1.3,10
,,24:00HRS,9.2,9.2,,68,52,41,32,25,16,15,11,30,10,15,0.3,2.5,3,1,9.5,0.3,0.2,0.4,57400,250,,22,33000,,,94,5,3.7,1,3,2,2,1.3,10
,10/18/2012,8:00HRS,9.2,9.2,,76,52,41,32,25,16,15,11,30,10,15,0.3,,3,1,9.5,0.3,0.2,0.4,57400,250,,22,36000,,,93,6,3.7,1,2,2,3.2,1.3,10
,,15:00HRS,9.2,9.2,,76,52,41,32,25,16,15,11,30,10,15,0.3,2.5,3,1,9.5,0.3,0.2,0.4,57400,250,,22,36000,,,93,6,3.7,1,2,2,3.2,1.3,10
,,24:00HRS,9.2,9.2,,70,50,40,30,25,18,16,10,30,10,15,0.3,2.7,3,1,9.5,0.3,0.2,0.4,57400,250,,22,36000,,,92,6,3.7,2,2,2,3.2,1.3,10
SAPELE - 27,9/29/2013,8:00HRS,8.7,8.7,,80,75,45,34,24,16,12,30,15,,,0.7,0.2,7,1,9.5,,,,,200,,,,,,86,14,4.9,,1,2.5,5,0.4,20
,,16:00HRS,8.7,8.8,,87,80,47,37,27,17,13,33,14,,,0.8,0.2,7,1,9.5,,,,,200,,,,,,86,14,4.9,,1,2.5,5,0.4,20
,,24:00HRS,8.7,8.8,,82,73,43,35,24,16,12,30,13,,,0.8,0.2,7,1,9.5,,,,,200,,,,,,86,14,4.9,,1,2.5,5,0.4,20
,9/30/2013,8:00HRS,8.8,8.8,,68,78,47,37,27,17,13,31,16,,,0.7,0.3,5,1,9.5,,,,29600,200,,21,31500,,,86,14,4.9,,1,2.5,4.8,0.4,20
,,16:00HRS,8.8,8.8,,63,77,47,37,27,17,13,30,17,,,0.7,0.3,5,1,9.5,,,,29600,200,,21,31500,,,86,14,4.9,0.5,1,2.5,4.8,0.4,10
,,24:00HRS,8.8,8.8,,64,76,48,37,26,17,13,28,20,,,0.7,0.4,4.5,1,9.5,,,,29600,200,,21,31500,,,86,14,4.9,0.5,1,2.5,4.8,0.4,10
,10/1/2013,8:00HRS,8.8,8.8,,64,76,48,37,26,17,13,28,20,,,0.7,0.4,5,1,9.5,,,,29600,200,,21,31500,,,85,13,4.9,2,1,2.5,4.8,0.4,10
,,16:00HRS,8.8,8.8,,64,76,48,37,26,17,13,28,20,,,0.7,0.4,5,1,9.5,,,,29600,200,,21,31500,,,85,13,4.9,2,1,2.5,4.8,0.4,10
,,24:00HRS,8.8,8.8,,64,76,48,37,26,17,13,28,20,,,0.7,0.4,4.5,1,9.5,,,,29600,200,,21,31500,,,85,13,4.9,2,1,2.5,4.8,0.4,10
,10/2/2013,8:00HRS,8.9,8.9,,64,80,49,36,26,17,13,31,18,,,0.7,0.3,4.5,1,9.5,,,,29600,200,,21,31500,,,85,13,4.9,2,1,2.5,3.8,0.4,10
,,16:00HRS,8.9,8.9,,68,81,48,37,26,17,13,33,15,,,0.8,0.2,4,1,9.5,,,,29600,200,,21,31500,,,85,13,4.9,2,1,2.5,3.8,0.4,10
,,24:00HRS,8.9,8.9,,65,79,48,37,26,17,13,31,17,,,0.7,0.3,4,1,9.5,,,,29600,200,,21,31500,,,85,13,4.9,2,1,2.5,3.8,0.4,10
,10/3/2013,8:00HRS,8.9,8.9,,68,81,48,37,26,17,13,33,15,,,0.8,0.2,4,1,9.5,,,,29600,200,,21,31500,,,85,13,4.9,2,1,2.5,3.8,0.4,10
,,16:00HRS,8.9,8.9,,68,81,48,37,26,17,13,33,15,,,0.8,0.2,4,1,9.5,,,,29600,200,,21,31500,,,85,13,4.9,2,1,2.5,3.8,0.4,10
,,24:00HRS,8.9,8.9,,65,79,48,37,26,17,13,31,17,,,0.7,0.3,4,1,9.5,,,,29600,200,,21,31500,,,85,13,4.9,2,1,2.5,3.8,0.4,10
,10/4/2013,8:00HRS,8.9,,,67,81,48,37,26,17,13,33,15,,,0.8,0.2,4,1,9.5,,,,29600,200,,21,31500,,,85,13,4.9,2,1,2.5,3.8,0.4,10
,,16:00HRS,8.9,,,66,80,47,35,25,16,13,33,14,,,0.8,0.2,4,1,9.5,,,,29600,200,,21,31500,,,85,13,4.9,2,1,2.5,3.8,0.4,10
,,24:00HRS,8.9,,,65,78,47,36,26,16,13,31,16,,,0.7,0.3,4,1,9.5,,,,29600,200,,21,31500,,,85,13,4.9,2,1,2.5,3.8,0.4,10
,10/5/2013,8:00HRS,8.9,,,41,54,35,28,18,11,7,19,16,5,7,0.6,0.4,4,1,9.5,,,,29600,200,,21,31500,,,85,13,4.9,2,1,2.5,3.8,0.4,10
,,16:00HRS,8.9,,,41,54,35,28,18,11,7,19,16,5,7,0.6,0.4,4,1,9.5,,,,29600,200,,21,31500,,,85,13,4.9,2,1,2.5,3.8,0.4,10
,,24:00HRS,8.9,,,41,54,35,28,18,11,7,19,16,5,7,0.6,0.4,4,1,9.5,,,,29600,200,,21,31500,,,85,13,4.9,2,1,2.5,3.8,0.4,10
,10/6/2013,8:00HRS,8.9,,,41,54,35,28,18,11,7,19,16,5,7,0.6,0.4,4,1,9.5,,,,29600,200,,21,31500,,,85,13,4.9,2,1,2.5,3.8,0.4,10
,,16:00HRS,8.9,,,41,54,35,28,18,11,7,19,16,5,7,0.6,0.4,4,1,9.5,,,,29600,200,,21,31500,,,85,13,4.9,2,1,2.5,3.8,0.4,10
,,24:00HRS,8.9,,,41,54,35,28,18,11,7,19,16,5,7,0.6,0.4,4,1,9.5,,,,29600,200,,21,31500,,,85,13,4.9,2,1,2.5,3.8,0.4,10
OKPORHURU - 5,3/14/2013,8:00HRS,8.7,8.7,75,100,80,60,55,45,19,17,20,40,,,0.4,2.3,7,1,9.5,,,,,180,,,,,,94,6,5.1,,0.5,2.8,5,1,40
,,16:00HRS,8.7,8.7,83,98,76,57,52,41,18,16,19,38,,,0.4,2.2,6,1,9.5,,,,,180,,,,,,94,6,5.1,,0.5,2.7,5,1,40
,,24:00HRS,8.7,8.7,83,98,76,57,52,41,18,16,19,38,,,0.4,2.2,6,1,9.5,,,,,180,,,,,,94,6,5.1,,0.5,2.7,5,1,25
,3/15/2013,8:00HRS,8.7,8.7,96,88,67,50,48,34,15,10,17,33,10,19,0.4,,6,1,9.5,,,,,180,,,,,,95,5,5.1,,0.4,2.7,5,1,15
,,16:00HRS,8.7,8.7,96,98,76,57,52,41,18,16,19,38,16,20,0.4,2.2,6,1,9.5,,,,,180,,,,,,95,5,5.1,,0.4,2.7,5,1,15
,,24:00HRS,8.7,8.7,90,98,76,57,52,41,18,16,19,38,16,20,0.4,2.2,6,1,9.5,,,,,180,,,,,,95,5,5.1,,0.4,2.7,5,1,15
,3/16/2013,8:00HRS,8.7,,,65,62,45,41,38,16,14,17,28,12,15,0.5,0.9,6,1,9.5,,,,,180,,,,,,96,4,4.2,,0.2,2.6,4,1,15
,,16:00HRS,8.7,,,63,61,43,40,37,16,14,18,25,11,15,0.5,0.9,6,1,9.5,,,,,180,,,,,,96,4,4.3,,0.2,2.6,4,1,15
,,24:00HRS,8.7,8.7,89,98,77,56,43,35,17,15,21,35,14,21,0.5,1.6,6,1,9.5,,,,,180,,,,,,96,4,4.3,,0.2,2.6,4,1,15
,3/17/2013,8:00HRS,8.7,8.7,,64,62,43,41,37,16,14,19,24,10,14,0.5,1.1,6,1,9.5,2,2.2,2.3,18500,180,,,,,,96,4,4.2,,2,2.6,4,1,15
,,16:00HRS,8.7,8.7,,66,63,45,42,36,17,14,18,27,11,15,0.5,1.1,6,1,9.5,2,2.2,2.3,18500,180,,10,15000,,,96,4,4.2,,2,2.6,4,1,15
,,24:00HRS,8.7,8.7,,68,65,47,42,36,17,14,18,29,10,18,0.5,1.3,7,1,9.5,2,2.2,2.3,18500,180,,17,25500,,,96,4,4.3,,0.4,2.6,4,1,15
,3/18/2013,8:00HRS,8.8,8.8,99,66,63,45,42,35,16,14,18,27,12,15,,1.2,5,1,9.5,2,2.2,2.3,24500,180,,17,25500,,,94,6,4.2,,0.4,2.6,4,1,14
,,16:00HRS,8.8,8.8,102,67,64,46,42,36,17,14,18,28,11,14,0.5,1.2,4,1,9.5,2.1,2.2,2.4,30400,180,,20,30000,,,94,4,4.3,2,0.3,2.6,4,1,12.5
,,24:00HRS,8.8,8.8,113,67,64,46,42,36,17,14,18,28,11,14,0.5,1.2,5.5,1,9,2.1,2.2,2.4,30400,180,,,,,,95,5,4.3,2,0.4,2.6,4,1,11
,3/19/2013,8:00HRS,8.8,8.8,120,68,65,47,42,34,16,14,18,29,11,14,0.5,1.4,4,1,9.5,2.1,2.2,2.4,40200,180,,20,30000,,,94,4,4.2,2,0.4,2.6,4,1,12
,,16:00HRS,8.8,8.8,123,68,66,48,43,37,17,14,18,30,10,13,0.5,1.4,4,1,9.5,2.1,2.2,2.4,43700,180,,24,36000,,,94,4,4.3,2,0.3,2.6,4,1,10
,,24:00HRS,8.8,8.8,126,75,72,53,45,38,16,14,19,34,12,19,0.4,1.7,4,1,9.5,2.1,2.2,2.4,43700,180,,24,36000,,,94,4,4.3,2,0.3,2.6,4,1,10
,3/20/2013,8:00HRS,8.8,8.8,115,75,72,53,45,38,16,14,19,34,12,19,0.5,1.7,4,1,9.5,2.1,2.2,2.4,43700,180,,24,36000,,,94,4,4.3,2,0.2,2.6,4,1,10
,,16:00HRS,8.8,,,75,72,53,45,38,16,14,19,34,12,19,0.4,1.7,4,1,9.5,2.1,2.2,2.4,43700,180,,24,36000,,,94,4,4.3,2,0.2,2.6,4,1,10
,,24:00HRS,8.8,,,75,72,53,45,38,16,14,19,34,12,19,0.4,1.7,4,1,9.5,2.1,2.2,2.4,43700,180,,24,36000,,,94,4,4.3,2,0.2,2.6,4,1,10
,3/21/2013,8:00HRS,8.8,,,75,72,53,45,38,16,14,19,34,12,19,0.5,1.7,6,1,9.5,2.1,2.2,2.4,43700,180,,24,36000,,,94,4,4.3,2,0.2,2.6,4,1,10
,,16:00HRS,8.8,,,75,72,53,45,38,16,14,19,34,12,19,0.4,1.7,6,1,9.5,2.1,2.2,2.4,43700,180,,24,36000,,,94,4,4.3,2,0.2,2.6,4,1,10
,,24:00HRS,8.8,,,73,60,43,45,38,16,14,17,26,10,19,0.5,1.1,5,1,9.5,2.1,2.2,2.4,43700,180,,24,36000,,,94,4,4.3,2,0.2,2.6,4,1,10
,3/22/2013,8:00HRS,8.9,,,73,60,43,45,38,16,14,17,26,10,19,0.5,,5,1,9.5,2.1,2.2,2.4,43700,180,,24,36000,,,94,4,4.3,2,0.2,2.6,4,1,10
,,16:00HRS,8.9,,,65,65,47,40,31,15,13,18,29,12,17,0.5,,5,1,9,2.1,2.2,2.4,43700,180,,24,36000,,,94,4,4.3,2,0.2,2.6,4,1,10
,,24:00HRS,8.9,9,,65,65,47,40,31,15,13,18,29,12,17,0.5,1.3,5,1,9,2.1,2.2,2.4,43700,180,,24,36000,,,94,4,4.3,2,0.2,2.6,4,1,10
,3/23/2013,8:00HRS,8.9,,,65,65,47,40,31,15,13,18,29,12,17,0.5,1.3,5,1,9,2.1,2.2,2.4,43700,180,,24,36000,,,94,4,4.3,2,0.2,2.6,4,1,10
,,16:00HRS,8.9,,,65,65,47,40,31,15,13,18,29,12,17,0.5,1.3,5,1,9,2.1,2.2,2.4,43700,180,,24,36000,,,94,4,4.3,2,0.2,2.6,4,1,10
,,24:00HRS,8.9,,,65,65,47,40,31,15,13,18,29,12,17,0.5,1.3,5,1,9,2.1,2.2,2.4,43700,180,,24,36000,,,94,4,4.3,2,0.2,2.6,4,1,10
,3/24/2013,8:00HRS,8.9,,,65,65,47,40,31,15,13,18,29,12,17,0.5,,5,1,9,2.1,2.2,2.4,43700,180,,24,,,,94,4,4.3,2,0.2,2.6,4,1,10
,,16:00HRS,8.9,,,65,65,47,40,31,15,13,18,29,12,17,0.5,,5,1,9,2.1,2.2,2.4,43700,180,,24,36000,,,94,4,4.3,2,0.2,2.6,4,1,10
,,24:00HRS,8.9,,,65,65,47,40,31,15,13,18,29,12,17,0.5,1.3,5,1,9,2.1,2.2,2.4,43700,180,,24,36000,,,94,4,4.3,2,0.2,2.6,4,1,10
,3/25/2013,8:00HRS,8.9,,,65,65,47,40,31,15,13,18,29,12,17,0.5,,5,1,9,2.1,2.2,2.4,43700,180,,24,36000,,,94,4,4.3,2,0.2,2.6,4,1,10
,,16:00HRS,8.9,,,65,65,47,40,31,15,13,18,29,12,17,0.5,,5,1,9,2.1,2.2,2.4,43700,180,,24,36000,,,94,4,4.3,2,0.2,2.6,4,1,10
,,24:00HRS,8.9,,,65,65,47,40,31,15,13,18,29,12,17,0.5,1.3,5,1,9,2.1,2.2,2.4,43700,180,,24,36000,,,94,4,4.3,2,0.2,2.6,4,1,10
OKPORHURU - 6,6/10/2013,8:00HRS,8.5,,,110,80,64,51,34,20,16,16,48,14,20,0.3,,6.5,1,9.5,,,,,210,,,,,,98,2,4.8,,,2.5,5,,20
,,16:00HRS,8.5,,,110,80,64,51,34,20,16,16,48,14,20,0.3,4.4,6.5,1,9.5,,,,,210,,,,,,98,2,4.8,,,2.5,5,,20
,,24:00HRS,8.5,,,110,80,64,51,34,20,16,16,48,14,20,0.3,4.4,6.5,1,9.5,,,,,210,,,,,,98,2,4.8,,,2.5,5,,20
,6/11/2013,8:00HRS,8.5,,,110,80,64,51,34,20,16,16,48,14,20,0.3,4.4,6.5,1,9.5,,,,,210,,,,,,98,2,4.8,,,2.5,5,,20
,,16:00HRS,8.5,,,110,80,64,51,34,20,16,16,48,14,20,0.3,4.4,6.5,1,9.5,,,,,210,,,,,,98,2,4.8,,,2.5,5,,20
,,24:00HRS,8.5,,,110,80,64,51,34,20,16,16,48,14,20,0.3,4.4,6.5,1,9.5,,,,,210,,,,,,98,2,4.8,,,2.5,5,,20
,6/15/2013,8:00HRS,8.5,,,100,80,64,51,34,20,16,16,48,14,20,0.3,4.4,6.5,1,9.5,,,,,210,,,,,,98,2,4.8,,,2.5,5,,20
,,16:00HRS,8.5,8.5,,98,79,62,53,33,19,16,17,45,14,19,0.3,3.6,6,1,9.5,,,,,210,,,,,,98,2,4.8,,,2.5,5,,20
,,24:00HRS,8.5,8.6,,101,80,64,51,34,20,16,16,48,14,20,0.3,4.4,6,1,9.5,,,,,210,,,,,,98,2,4.8,,,2.5,5,,20
,6/16/2013,8:00HRS,8.5,8.6,,98,80,64,51,34,20,16,16,48,14,20,0.3,4.4,6,1,9.5,,,,,210,,,,,,98,2,4.8,,,2.5,5,,10
,,16:00HRS,8.7,8.7,,81,79,63,57,35,21,16,16,47,14,21,0.3,4.2,6,1,9.5,,,,,210,,,,,,98,2,4.8,,,2.5,5,0.1,10
,,24:00HRS,8.8,8.8,,80,75,60,55,35,21,15,15,45,14,20,0.3,4.1,5,1,9.5,,,,,210,,,,,,97,2,4.8,1,1,2.5,5,0.1,10
,6/17/2013,8:00HRS,8.8,8.8,112,79,74,59,55,35,21,15,15,44,14,20,0.3,3.9,5,1,9.5,,,,,210,,24,36000,,,97,2,4.8,1,TRACE,2.5,5,0.1,10
,,16:00HRS,8.8,8.8,115,80,75,60,55,35,21,15,15,45,15,21,0.3,4.1,5,1,9.5,,,,,210,,24,36000,,,97,2,4.8,1,TRACE,2.5,5,0.1,10
,,24:00HRS,8.8,8.9,120,80,78,62,57,40,25,16,16,46,14,20,0.3,4,5,1,9.5,,,,,210,,24,36000,,,97,2,4.8,1,TRACE,2.5,5,0.1,10
,6/18/2013,8:00HRS,8.9,8.9,120,80,69,57,55,40,25,16,14,41,14,20,0.3,3.7,5,1,9.5,,,,,210,,24,36000,,,97,2,4.8,1,TRACE,2.5,5,4,10
,,16:00HRS,8.9,8.9,130,74,62,55,47,40,25,16,7,48,12,19,0.2,9.6,5,1,9.5,,,,,210,,24,36000,,,97,2,4.8,1,TRACE,2.5,5,4,10
,,24:00HRS,8.9,8.9,130,80,65,54,45,40,25,16,11,43,14,20,0.3,5.2,5,1,9.5,,,,,210,,25,37500,,,97,2,4.8,1,TRACE,2.5,5,4,10
,6/19/2013,8:00HRS,8.9,8.9,,75,60,50,48,40,25,16,10,40,14,20,0.3,,5,1,9.5,,,,,210,,25,37500,,,97,2,4.8,1,TRACE,2.5,5,0.1,10
,,16:00HRS,8.9,8.9,,75,60,50,48,40,25,16,10,40,14,20,0.3,5,5,1,9.5,,,,,210,,25,37500,,,97,2,4.8,1,TRACE,2.5,5,0.1,10
,,24:00HRS,8.9,8.9,,75,60,50,48,40,25,16,10,40,14,20,0.3,5,5,1,9.5,,,,,210,,25,37500,,,97,2,4.8,1,TRACE,2.5,5,0.1,10
,6/20/2013,8:00HRS,9,9,,75,60,50,48,40,25,16,10,40,14,20,0.3,5,5,1,9.5,,,,,210,,25,37500,,,97,2,4.8,1,TRACE,2.5,5,0.1,10
,,16:00HRS,9,9,,75,60,50,48,40,25,16,10,40,14,20,0.3,5,5,1,9.5,,,,,210,,25,37500,,,97,2,4.8,1,TRACE,2.5,5,0.1,10
,,24:00HRS,9,9,,75,60,50,48,40,25,16,10,40,14,20,0.3,5,5,1,9.5,,,,,210,,25,37500,,,97,2,4.8,1,TRACE,2.5,5,0.1,10
,6/21/2013,8:00HRS,9,9,,75,60,50,48,40,25,16,10,40,14,20,0.3,5,5,1,9.5,,,,,210,,25,37500,,,97,2,4.8,1,TRACE,2.5,5,0.1,10
,,16:00HRS,9,9,,75,60,50,48,40,25,16,10,40,14,20,0.3,5,5,1,9.5,,,,,210,,25,37500,,,97,2,4.8,1,TRACE,2.5,5,0.1,10
,,24:00HRS,9,9,,75,60,50,48,40,25,16,10,40,14,20,0.3,5,5,1,9.5,,,,,210,,25,37500,,,97,2,4.8,1,TRACE,2.5,5,0.1,10
,6/22/2013,8:00HRS,9,9,,75,60,50,48,40,25,16,10,40,14,20,0.3,5,5,1,9.5,,,,,210,,25,37500,,,97,2,4.8,1,TRACE,2.5,5,0.1,10
,,16:00HRS,9,9,,75,60,50,48,40,25,16,10,40,14,20,0.3,5,5,1,9.5,,,,,210,,25,37500,,,97,2,4.8,1,TRACE,2.5,5,0.1,10
,,24:00HRS,9,9,,60,52,39,30,25,15,8,13,26,6,11,0.4,1.5,5,1,9.5,,,,,210,,25,37500,,,97,2,4.8,1,TRACE,2.5,5,0.1,10
,6/23/2013,8:00HRS,9,9,,60,52,39,30,25,15,8,13,26,6,11,0.4,1.5,5,1,9.5,,,,,210,,25,37500,,,97,2,4.8,1,TRACE,2.5,5,0.1,10
,,16:00HRS,9,9,,60,52,39,30,25,15,8,13,26,6,11,0.4,1.5,5,1,9.5,,,,,210,,25,37500,,,97,2,4.8,1,TRACE,2.5,5,0.1,10
,,24:00HRS,9,9,,60,52,39,30,25,15,8,13,26,6,11,0.4,1.5,5,1,9.5,,,,,210,,25,37500,,,97,2,4.8,1,TRACE,2.5,5,0.1,10
,6/24/2013,8:00HRS,9,9,,59,52,39,30,25,15,8,13,26,6,11,0.4,1.5,5,1,9.5,,,,,210,,25,37500,,,97,2,4.8,1,TRACE,2.5,5,0.1,10
,,16:00HRS,9,9,,60,52,39,30,25,15,8,13,26,6,11,0.4,1.5,5,1,9.5,,,,,210,,25,37500,,,97,2,4.8,1,TRACE,2.5,5,0.1,10
,,24:00HRS,9,9,,60,52,39,30,25,15,8,13,26,6,11,0.4,1.5,5,1,9.5,,,,,210,,25,37500,,,97,2,4.8,1,TRACE,2.5,5,0.1,10
,6/25/2013,8:00HRS,9,9,,60,52,39,30,25,15,8,13,26,6,11,0.4,1.5,5,1,9.5,,,,,210,,25,37500,,,97,2,4.8,1,TRACE,2.5,5,0.1,10
,,16:00HRS,9,9,,60,52,39,30,25,15,8,13,26,6,11,0.4,1.5,5,1,9.5,,,,,210,,25,37500,,,97,2,4.8,1,TRACE,2.5,5,0.1,10
,,24:00HRS,9,9,,60,52,39,30,25,15,8,13,26,6,11,0.4,1.5,5,1,9.5,,,,,210,,25,37500,,,97,2,4.8,1,TRACE,2.5,5,0.1,10
OKOPORO - 3,6/27/2013,8:00HRS,8.6,8.6,105,102,80,64,51,34,20,16,16,48,14,20,0.3,4.4,6.5,1,9,,,,,210,,,,,,98,2,4.8,1,2,2.5,5,0.1,20
,,16:00HRS,8.6,8.6,105,98,75,60,53,33,19,16,15,45,14,19,0.3,4.1,6,1,9,,,,,210,,,,,,98,2,4.8,1,2,2.5,5,0.1,20
,,24:00HRS,8.6,8.6,105,100,80,64,51,34,20,16,16,48,14,20,0.3,4.4,6,1,9,,,,,210,,,,,,98,2,4.8,1,2,2.5,5,0.1,20
,6/28/2013,8:00HRS,8.6,8.6,117,79,74,59,55,35,21,15,15,44,14,20,0.3,3.9,5,1,9,,,,38000,210,,20,30000,,,97,2,4.8,1,1,2.5,5,0.1,20
,,16:00HRS,8.6,8.6,117,98,67,52,53,33,19,16,15,37,14,19,0.4,2.7,4.5,1,9,,,,40000,210,,20,30000,,,98,2,4.8,1,1,2.5,5,0.1,20
,,24:00HRS,8.6,8.6,117,87,64,42,28,20,5,4,22,20,10,10,0.6,0.5,5,1,9,,,,40000,210,,20,30000,,,98,2,4.8,1,1,2.5,5,0.1,20
,6/29/2013,8:00HRS,8.6,8.6,188,80,63,50,48,37,18,15,13,37,14,19,0.3,3.2,4,1,9.5,,,,45000,210,,25,37500,,,96,2,4.8,2,1,2.5,5,0.1,15
,,16:00HRS,8.7,8.7,122,85,64,51,53,33,19,16,13,38,14,19,0.3,3.4,3.5,1,9.5,,,,45000,210,,25,37500,,,96,2,4.8,2,1,2.5,5,0.1,10
,,24:00HRS,8.8,8.8,122,72,60,40,33,25,12,10,20,20,13,17,0.6,0.5,3.5,1,9.5,,,,45000,210,,25,37500,,,97,2,4.8,2,1,2.5,5,0.1,10
,6/30/2013,8:00HRS,8.8,8.8,122,71,60,40,33,25,12,14,20,20,13,17,0.6,0.6,0.5,1,9.5,,,,45000,210,,25,37500,,,96,2,4.8,2,1,2.5,5,0.1,10
,,16:00HRS,8.8,8.8,122,72,60,40,33,25,12,14,20,20,14,18,0.6,0.5,3.5,1,9.5,,,,45000,210,,25,37500,,,96,2,4.8,2,2,2.5,5,0.1,10
,,24:00HRS,8.8,8.8,122,72,60,40,33,25,12,14,20,20,13,17,0.6,0.5,3.5,1,9.5,,,,45000,210,,25,37500,,,96,2,4.8,2,1,2.5,5,0.1,10
,7/1/2013,8:00HRS,8.8,8.8,122,71,60,40,33,25,12,14,20,20,13,17,0.6,0.5,3.5,1,9.5,,,,45000,210,,25,37500,,,96,2,4.8,2,2,2.5,5,0.1,10
,,16:00HRS,8.8,8.8,122,71,60,40,33,25,12,14,20,20,14,18,0.6,0.5,3.5,1,9.5,,,,45000,210,,25,37500,,,96,2,4.8,2,2,2.5,5,0.1,10
,,24:00HRS,8.8,8.8,122,71,60,40,33,25,12,14,20,20,13,17,0.6,0.5,3.5,1,9.5,,,,45000,210,,25,37500,,,96,2,4.8,2,2,2.5,5,0.1,10
,7/2/2013,8:00HRS,8.8,8.8,122,65,60,40,33,25,12,14,20,20,13,17,0.6,0.5,3.5,1,9.5,,,,45000,210,,25,37500,,,96,2,4.8,2,2,2.5,5,0.1,10
,,16:00HRS,8.8,8.8,122,65,60,40,33,25,12,14,20,20,13,17,0.6,0.5,3.5,1,9.5,,,,45000,210,,25,37500,,,96,2,4.8,2,2,2.5,5,0.1,10
,,24:00HRS,8.8,8.8,122,65,60,40,33,25,12,14,20,20,13,17,0.6,0.5,3.5,1,9.5,,,,45000,210,,25,37500,,,96,2,4.8,2,2,2.5,5,0.1,10
OROGHO - 6,12/6/2014,8:00HRS,8.6,8.6,110,75,42,32,19,14,11,10,10,22,9,8,0.6,0.4,6.4,1,9.5,0.8,0.2,0.1,34000,147,,20,30000,,,98,1,3.5,1,2,2.5,5,0.1,15
,,16:00HRS,8.6,8.6,110,75,42,32,19,14,11,10,10,22,9,8,0.6,0.4,6.4,1,9.5,0.8,0.2,0.1,34000,147,,20,30000,,,98,1,3.5,1,2,2.5,5,0.1,15
,,24:00HRS,8.6,8.6,110,75,42,32,19,14,11,10,10,22,9,8,0.6,0.4,6.4,1,9.5,0.8,0.2,0.1,34000,147,,20,30000,,,98,1,3.5,1,2,2.5,5,0.1,15
,12/7/2014,8:00HRS,8.6,8.6,105,78,42,32,19,14,11,10,10,22,9,13,0.6,0.4,6.4,1,9.5,1.1,0.65,0.98,34000,147,,20,30000,,,98,1,1.2,1,TRACE,2,1.3,0.1,15
,,16:00HRS,8.6,8.6,105,91,105,83,73,52,17,15,22,61,15,29,0.6,0.4,8.2,1,10,1.4,0.75,1.2,34000,147,,20,30000,,,98,1,1.2,1,TRACE,2,1.3,0.1,15
,,24:00HRS,8.6,8.6,105,81,45,35,33,28,26,20,10,25,20,30,0.6,0.4,5.2,1,10,0.3,0.2,0.28,34000,147,,20,30000,,,98,1,1.2,1,TRACE,2,1.3,0.1,15
,12/8/2014,8:00HRS,8.6,8.6,98,91,105,83,73,52,17,15,22,61,15,29,0.6,0.4,8.2,1,10,1.4,0.75,1.2,34000,147,,20,30000,,,98,1,1.2,1,TRACE,2,1.3,0.1,15
,,16:00HRS,8.6,8.6,98,91,105,83,73,52,17,15,22,61,15,29,0.6,0.4,8.2,1,10,1.4,0.75,1.2,34000,147,,20,30000,,,98,1,1.2,1,TRACE,2,1.3,0.1,15
,,24:00HRS,8.6,8.6,98,91,105,83,73,52,17,15,22,61,15,29,0.6,0.4,8.2,1,10,1.4,0.75,1.2,34000,147,,20,30000,,,98,1,1.2,1,TRACE,2,1.3,0.1,15
,12/9/2014,8:00HRS,8.6,8.6,98,91,105,83,73,52,17,15,22,61,15,29,0.6,0.4,8.2,1,10,1.4,0.75,1.2,34000,147,,20,30000,,,98,1,1.2,1,TRACE,2,1.3,0.1,15
,,16:00HRS,8.6,8.6,98,90,103,81,71,51,16,14,22,59,14,27,0.6,0.4,8.2,1,10,1.4,0.75,1.2,34000,147,,20,30000,,,98,1,1.2,1,TRACE,2,1.3,0.1,15
,,24:00HRS,8.6,8.6,98,90,105,81,71,51,16,14,22,59,14,27,0.6,0.4,8.2,1,9.5,1.3,0.72,1.2,34000,147,,20,30000,,,98,1,1.2,1,TRACE,2,1.3,0.1,15
,12/10/2014,8:00HRS,8.6,8.6,98,90,103,81,71,51,16,14,22,59,14,27,0.6,0.4,8.2,1,9.5,1.3,0.72,1.1,34000,147,,20,30000,,,98,1,1.2,1,TRACE,2,1.3,0.1,15
,,16:00HRS,8.6,8.6,98,90,103,81,71,51,16,14,22,59,14,27,0.6,0.4,8.2,1,9.5,1.3,0.72,1.1,34000,147,,20,30000,,,98,1,1.2,1,TRACE,2,1.3,0.1,15
,,24:00HRS,8.6,8.6,98,90,103,81,71,51,16,14,22,59,14,27,0.6,0.4,8.2,1,9.5,1.3,0.72,1.1,34000,147,,20,30000,,,98,1,1.2,1,TRACE,2,1.3,0.1,15
,12/11/2014,8:00HRS,8.6,8.6,98,92,106,83,72,53,17,15,23,60,15,29,0.6,0.4,8.2,1,10,1.5,0.75,1.3,38000,210,,20,30000,,,98,1,1.2,1,TRACE,2,1.3,0.1,15
,,16:00HRS,8.6,8.6,98,93,106,83,72,53,17,15,23,60,15,29,0.6,0.4,8.2,1,10,1.5,0.75,1.3,38000,210,,20,30000,,,98,1,1.2,1,TRACE,2,1.3,0.1,15
,,24:00HRS,8.6,8.6,98,93,106,83,72,53,17,15,23,60,15,29,0.6,0.4,8.2,1,10,1.5,0.75,1.3,38000,210,,20,30000,,,98,1,1.2,1,TRACE,2,1.3,0.1,15
,12/12/2014,8:00HRS,8.6,8.6,98,51,46,36,27,19,9,7,10,26,7,11,0.6,0.4,12,2,12,2.1,1.1,1.6,65000,324,,20,30000,,,97,2,2.3,1,TRACE,2,1.3,0.1,12.5
,,16:00HRS,8.6,8.6,98,51,46,36,27,19,9,7,10,26,7,11,0.6,0.4,12,2,12,2.1,1.1,1.6,65000,324,,20,30000,,,97,2,2.3,1,TRACE,2,1.3,0.1,12.5
,,24:00HRS,8.6,8.6,98,51,46,36,27,19,9,7,10,26,7,11,0.6,0.4,12,2,12,2.1,1.1,1.6,65000,324,,20,30000,,,97,2,2.3,1,TRACE,2,1.3,0.1,12.5
,12/13/2014,8:00HRS,8.6,8.6,98,51,46,36,27,19,9,7,10,26,7,11,0.6,0.4,12,2,12,2.1,1.1,1.6,65000,324,,20,30000,,,97,2,2.3,1,TRACE,2,1.3,0.1,12.5
,,16:00HRS,8.6,8.6,98,51,46,36,27,19,9,7,10,26,7,11,0.6,0.4,12,2,12,2.1,1.1,1.6,65000,324,,20,30000,,,97,2,2.3,1,TRACE,2,1.3,0.1,12.5
,,24:00HRS,8.6,8.6,98,51,46,36,27,19,9,7,10,26,7,11,0.6,0.4,12,2,12,2.1,1.1,1.6,65000,324,,20,30000,,,97,2,2.3,1,TRACE,2,1.3,0.1,12.5
,12/14/2014,8:00HRS,8.6,8.6,98,50,46,36,27,19,9,7,10,26,7,11,0.6,0.4,12,2,12,2.1,1.1,1.6,50000,330,,20,30000,,,97,2,2.3,1,TRACE,2,1.3,0.1,12.5
,,16:00HRS,8.6,8.6,98,72,55,39,33,26,15,14,16,26,14,31,0.6,0.4,20,2,11,0.6,0.9,1.2,45000,280,,20,30000,,,97,2,2.3,1,TRACE,2,1.3,0.1,12.5
,,24:00HRS,8.6,8.6,98,73,55,39,33,26,15,14,16,26,14,31,0.6,0.4,20,2,11,0.6,0.9,1.2,45000,280,,20,30000,,,97,2,2.3,1,TRACE,2,1.3,0.1,12.5
,12/15/2014,8:00HRS,8.7,8.7,100,86,74,54,43,32,16,15,20,34,15,26,0.3,0.2,15,2,10,0.6,0.8,1.2,33000,320,,20,30000,,,97,2,2.3,1,TRACE,2,1.3,0.1,15
,,16:00HRS,8.7,8.7,100,86,74,54,43,32,16,15,20,34,15,26,0.3,0.2,15,2,10,0.6,0.8,1.2,33000,320,,20,30000,,,97,2,2.3,1,TRACE,2,1.3,0.1,15
,,24:00HRS,8.7,8.7,100,85,45,34,25,20,13,12,11,23,25,36,0.3,0.2,10,1,11,0.8,1,0.6,20000,280,,20,30000,,,97,2,2.3,1,TRACE,2,1.3,0.1,8.8
,12/16/2014,8:00HRS,8.8,8.8,100,85,45,34,25,20,13,12,11,23,25,36,0.3,0.2,10,1,11,0.8,1,0.6,20000,280,,20,30000,,,97,2,2.3,1,TRACE,2,1.3,0.1,8.8
,,16:00HRS,8.8,8.8,100,85,45,34,25,20,13,12,11,23,25,36,0.3,0.2,10,1,11,0.8,1,0.6,20000,280,,20,30000,,,97,2,2.3,1,TRACE,2,1.3,0.1,8.8
,,24:00HRS,8.8,8.8,100,81,54,42,32,26,12,10,12,30,22,30,0.3,0.2,10,1,11,0.8,1.4,1.5,20000,280,,20,30000,,,97,2,2.3,1,TRACE,2,1.3,0.1,8.8
,12/17/2014,8:00HRS,8.8,8.8,100,85,45,34,25,20,13,12,11,23,25,36,0.3,0.2,10,1,11,0.8,1,0.6,20000,280,,20,30000,,,97,2,2.3,1,TRACE,2,1.3,0.1,8.8
,,16:00HRS,8.8,8.8,100,81,54,42,32,26,12,10,12,30,22,30,0.3,0.2,10,1,11,0.8,1.4,1.5,20000,280,,20,30000,,,97,2,2.3,1,TRACE,2,1.3,0.1,8.8
,,24:00HRS,8.8,8.8,100,81,54,42,32,26,12,10,12,30,22,30,0.3,0.2,10,1,11,0.8,1.4,1.5,20000,280,,20,30000,,,97,2,2.3,1,TRACE,2,1.3,0.1,8.8
,12/18/2014,8:00HRS,8.8,8.8,100,81,54,42,32,26,12,10,12,30,22,30,0.3,0.2,10,1,11,0.8,1,0.6,20000,280,,20,30000,,,97,2,2.3,1,0.8,2,1.3,0.1,8.8
,,16:00HRS,8.8,8.8,100,81,54,42,32,26,12,10,12,30,22,30,0.3,0.2,10,1,11,0.8,1,0.6,20000,280,,20,30000,,,97,2,2.3,1,0.8,2,1.3,0.1,8.8
,,24:00HRS,8.8,8.8,100,65,48,37,30,25,11,9,11,26,9,12,0.3,0.2,8.4,1,9,0.8,1,0.6,20000,280,,20,30000,,,97,2,2.3,1,0.6,2,1.3,0.1,8.8
,12/19/2014,8:00HRS,8.8,8.8,95,65,48,37,30,25,11,9,11,26,9,12,0.3,0.2,8.4,1,9,0.8,1,0.6,33000,280,,5,7500,,,97,2,2.3,1,0.6,2,1.3,0.1,8.8
,,16:00HRS,8.8,8.8,95,81,54,42,32,27,10,12,10,30,22,30,0.3,0.2,8.4,1,9,0.8,1,0.6,33000,280,,6,9000,,,97,2,2.3,1,0.8,2,1.3,0.1,8.8
,,24:00HRS,9,9.1,95,78,53,41,37,27,14,12,12,29,12,15,0.3,0.2,8,1,9,0.8,1,0.6,33000,280,,7,10500,,,97,2,2.3,1,0.8,2,1.3,0.1,8.8
,12/20/2014,8:00HRS,9,9,98,73,53,41,39,28,14,12,12,29,12,15,0.6,0.4,8,1,9,0.8,1,0.6,33000,280,,10,15000,,,97,2,2.3,1,0.8,2,1.3,0.1,8.8
,,16:00HRS,9,9,98,80,54,42,32,27,12,10,12,30,11,20,0.6,0.4,7,1,9,0.8,1,0.6,33000,280,,10,15000,,,97,2,2.3,1,0.8,2,1.3,0.1,8.8
,,24:00HRS,9,9,98,76,57,41,37,29,13,12,16,25,12,19,0.6,0.4,6,1,9,0.8,1,0.6,33000,280,,10,15000,,,97,2,2.3,1,0.8,2,1.3,0.1,8.8
,12/21/2014,8:00HRS,9,9,98,76,57,41,37,29,13,12,16,25,12,19,0.6,0.4,8.8,1,9,0.8,1,0.6,33000,280,,10,15000,,,97,2,2.3,1,0.8,2,1.3,0.1,8.8
,,16:00HRS,9,9,98,80,54,42,32,27,12,10,12,30,11,20,0.6,0.4,7,1,9,0.8,1,0.6,33000,280,,10,15000,,,97,2,2.3,1,0.8,2,1.3,0.1,8.8
,,24:00HRS,9,9,98,76,57,41,37,29,13,12,16,25,12,19,0.6,0.4,6,1,9,0.8,1,0.6,33000,280,,10,15000,,,97,2,2.3,1,0.8,2,1.3,0.1,8.8
,12/22/2014,8:00HRS,9,9,98,76,57,41,37,29,13,12,16,25,12,19,0.6,0.4,6,1,9,0.8,1,0.6,33000,280,,10,15000,,,96.5,2,2.3,1.5,0.8,2,1.3,0.1,8.8
,,16:00HRS,9,9,98,80,54,42,32,27,12,10,12,30,11,20,0.6,0.4,7,1,9,0.8,1,0.6,33000,280,,10,15000,,,96.5,2,2.3,1.5,0.8,2,1.3,0.1,8.8
,,24:00HRS,9,9,98,76,57,41,37,29,13,12,16,25,12,19,0.6,0.4,6,1,9,0.8,1,0.6,33000,280,,10,15000,,,96.5,2,2.3,1.5,0.8,2,1.3,0.1,8.8
,12/23/2014,8:00HRS,9,9,97,76,57,41,37,29,13,12,16,25,12,19,0.6,0.4,6,1,9,0.8,1,0.6,33000,280,,10,15000,,,96.5,2,2.3,1.5,0.6,2,1.3,0.1,8.8
,,16:00HRS,9,9,97,80,54,42,32,27,12,10,12,30,11,20,0.6,0.4,7,1,9,0.8,1,0.6,33000,280,,10,15000,,,96.5,2,2.3,1.5,0.6,2,1.3,0.1,8.8
,,24:00HRS,9,9,97,76,57,41,37,29,13,12,16,25,12,19,0.6,0.4,6,1,9,0.8,1,0.6,33000,280,,10,15000,,,96.5,2,2.3,1.5,0.6,2,1.3,0.1,8.8
,12/24/2014,8:00HRS,9,9,101,63,54,42,32,27,12,10,12,30,11,20,0.6,0.4,7,1,9,0.8,1,0.6,33000,280,,10,15000,,,96.5,3,2.3,0.5,0.6,2,1.3,0.1,8.8
,,16:00HRS,9,9,101,60,54,42,32,27,12,10,12,30,11,20,0.6,0.4,7,1,9,0.8,1,0.6,33000,280,,10,15000,,,96.5,3,2.3,0.5,0.6,2,1.3,0.1,8.8
,,24:00HRS,9,9,101,62,57,41,37,29,13,12,16,25,12,19,0.6,0.4,6,1,9,0.8,1,0.6,33000,280,,10,15000,,,96.5,3,2.3,0.5,0.6,2,1.3,0.1,8.8
,12/25/2014,8:00HRS,9,9,99,62,57,41,37,29,13,12,16,25,12,19,0.6,0.4,6,1,9,0.8,1,0.6,33000,280,,10,15000,,,96.5,3,2.3,0.5,0.6,2,1.3,0.1,8.8
,,16:00HRS,9,9,99,60,54,42,32,27,12,10,12,30,11,20,0.6,0.4,7,1,9,0.8,1,0.6,33000,280,,10,15000,,,96.5,3,2.3,0.5,0.6,2,1.3,0.1,8.8
,,24:00HRS,9,9,99,62,57,41,37,29,13,12,16,25,12,19,0.6,0.4,6,1,9,0.8,1,0.6,33000,280,,10,15000,,,96.5,3,2.3,0.5,0.6,2,1.3,0.1,8.8
,12/26/2014,8:00HRS,9,9,99,62,57,41,37,29,13,12,16,25,12,19,0.6,0.4,6,1,9,0.8,1,0.6,33000,280,,10,15000,,,96.5,3,2.3,0.5,0.6,2,1.3,0.1,8.8
,,16:00HRS,9,9,99,60,54,42,32,27,12,10,12,30,11,20,0.6,0.4,7,1,9,0.8,1,0.6,33000,280,,10,15000,,,96.5,3,2.3,0.5,0.6,2,1.3,0.1,8.8
,,24:00HRS,9,9,99,62,57,41,37,29,13,12,16,25,12,19,0.6,0.4,6,1,9,0.8,1,0.6,33000,280,,10,15000,,,96.5,3,2.3,0.5,0.6,2,1.3,0.1,8.8
,12/27/2014,8:00HRS,9,9,99,62,57,41,37,29,13,12,16,25,12,19,0.6,0.4,6,1,9,0.8,1,0.6,33000,280,,10,15000,,,96.5,3,2.3,0.5,0.6,2,1.3,0.1,8.8
,,16:00HRS,9,9,99,60,54,42,32,27,12,10,12,30,11,20,0.6,0.4,7,1,9,0.8,1,0.6,33000,280,,10,15000,,,96.5,3,2.3,0.5,0.6,2,1.3,0.1,8.8
,,24:00HRS,9,9,99,62,57,41,37,29,13,12,16,25,12,19,0.6,0.4,6,1,9,0.8,1,0.6,33000,280,,10,15000,,,96.5,3,2.3,0.5,0.6,2,1.3,0.1,8.8
,12/28/2014,8:00HRS,9,9,99,62,57,41,37,29,13,12,16,25,12,19,0.6,0.4,7,1,9,0.8,1,0.6,33000,280,,10,15000,,,96.5,3,2.3,0.5,0.6,2,1.3,0.1,8.8
,,16:00HRS,9,9,99,62,57,41,37,29,13,12,16,25,12,19,0.6,0.4,7,1,9,0.8,1,0.6,33000,280,,10,15000,,,96.5,3,2.3,0.5,0.6,2,1.3,0.1,8.8
,,24:00HRS,9,9,99,62,57,41,37,29,13,12,16,25,12,19,0.6,0.4,6,1,9,0.8,1,0.6,33000,280,,10,15000,,,96.5,3,2.3,0.5,0.6,2,1.3,0.1,8.8
,12/29/2014,8:00HRS,9,9,99,62,57,41,37,29,13,12,16,25,12,19,0.6,0.4,6,1,9,0.8,1,0.6,33000,280,,10,15000,,,96.5,3,2.3,0.5,0.6,2,1.3,0.1,8.8
,,16:00HRS,9,9,99,62,57,41,37,29,13,12,16,25,12,19,0.6,0.4,6,1,9,0.8,1,0.6,33000,280,,10,15000,,,96.5,3,2.3,0.5,0.6,2,1.3,0.1,8.8
,,24:00HRS,9,9,99,62,57,41,37,29,13,12,16,25,12,19,0.6,0.4,6,1,9,0.8,1,0.6,33000,280,,10,15000,,,96.5,3,2.3,0.5,0.6,2,1.3,0.1,8.8
OROGHO - 7,12/26/2014,8:00HRS,8.8,8.8,101,110,71,50,39,28,19,15,21,29,14,24,0.5,1.1,12,,9.5,,,,20000,250,,25,37500,,,93,6,,1,1,,,,15
,,16:00HRS,9,9,101,120,68,48,36,26,18,14,20,28,13,22,0.5,1.1,12,,9.5,,,,20000,250,,25,37500,,,93,6,,1,0.7,,,,15
,,24:00HRS,8.8,8.8,101,100,61,43,30,21,17,14,18,25,14,19,0.5,0.9,12,,10,,,,20000,250,,25,37500,,,93,6,,1,0.8,,,,15
,12/27/2014,8:00HRS,8.7,8.7,101,103,63,43,34,25,17,14,20,23,13,24,0.6,0.7,11,2,9.5,,,,20000,250,,25,37500,,,94,5,,1,0.7,,,,13
,,16:00HRS,8.8,8.8,98,90,60,43,35,28,15,13,17,26,14,20,0.5,1.1,10,2,9.5,,,,20000,250,,25,37500,,,97,2,,1,0.5,,,,8
,,24:00HRS,8.9,8.9,98,82,61,48,31,24,21,19,13,35,18,23,0.3,2.8,10.5,2,9,,,,25000,250,,14,21000,,,93,6,,1,0.5,,,,8
,12/28/2014,8:00HRS,8.9,8.9,98,100,61,43,31,24,21,19,18,25,18,25,0.5,0.9,10,2,9.5,,,,20000,250,,27,40500,,,96,3,,1,0.6,,,,8
,,16:00HRS,8.9,8.9,98,89,63,40,30,22,18,13,23,17,14,20,0.7,0.3,8,2,9.5,,,,20000,250,,33,49500,,,96,3,,1,0.4,,,,8
,,24:00HRS,8.9,8.9,98,74,65,51,43,34,17,16,14,37,18,27,0.3,2.9,8,2,9.5,,,,20000,250,,37,55500,,,95,4,,1,0.5,,,,8
,12/29/2014,8:00HRS,8.9,8.9,98,80,66,47,43,34,17,16,19,28,15,23,0.5,1.1,7,1,9.5,,,,60000,250,,37.2,55800,,,96,3,,1,0.7,,,,8
,,16:00HRS,9.2,9.2,98,80,63,49,44,35,18,17,14,35,15,23,0.4,2.6,8,1,9.5,,,,60000,250,,28,42000,,,95.2,4,,1.8,0.2,,,,8
,,24:00HRS,9.2,9.2,98,80,63,49,44,35,18,17,14,35,15,23,0.4,2.6,8,1,9.5,,,,60000,250,,28,42000,,,95.2,4,,1.8,0.2,,,,8
,12/30/2014,8:00HRS,9.2,9.2,105,90,63,49,44,35,18,17,14,35,18,24,0.4,2.6,6.5,1,9.5,,,,61000,255,,37,55500,,,94,4,,2,0.2,,,,8
,,16:00HRS,9.3,9.3,105,90,65,48,40,33,18,16,17,31,17,24,0.4,1.6,5.5,1,9.5,,,,61000,255,,32,48000,,,92,6,,2,0.2,,,,8
,,24:00HRS,9.3,9.3,105,90,65,48,40,33,18,16,17,31,17,24,0.4,1.6,6,1,9.5,,,,61000,255,,32,48000,,,92,6,,2,0.2,,,,8
,12/31/2014,8:00HRS,9.5,9.5,105,70,64,46,30,29,18,15,18,28,16,23,0.5,1.2,5.5,1,9.5,,,,61000,255,,32,48000,,,93,5,,2,0.1,,,,8
,,16:00HRS,9.4,9.4,105,75,60,43,31,43,16,14,17,26,15,20,0.5,1.1,5.8,1,9.5,,,,61000,255,,32,48000,,,94,4,,2,0.2,,,,8
,,24:00HRS,9.4,9.4,105,78,59,41,30,29,17,15,18,23,18,24,0.5,0.8,6,1,9.5,,,,61000,255,,32,48000,,,94,4,,2,0.2,,,,8
,1/1/2015,8:00HRS,9.4,9.4,107,65,59,41,30,29,17,15,18,23,16,23,0.5,1.2,6,1,9.5,,,,61000,255,,30,45000,,,93,5,,2,0.1,,,,8
,,16:00HRS,9.4,9.4,107,69,55,40,29,27,17,16,15,25,15,21,0.5,1.2,5.9,1,9.5,,,,61000,255,,30,45000,,,93,5,,2,0.1,,,,8
,,24:00HRS,9.4,9.4,107,70,60,39,28,27,18,15,21,18,18,23,0.6,0.4,6,1,9.5,,,,61000,255,,32,48000,,,93,5,,2,0.1,,,,8
,1/2/2015,8:00HRS,9.5,9.5,106,70,55,40,30,25,17,13,15,25,12,20,0.5,1.2,5.8,1,9,,,,62000,260,,28,42000,,,92,6,,2,0.2,,,,8
,,16:00HRS,9.6,9.6,106,73,57,42,32,26,14,11,15,27,11,19,0.4,1.4,5,1,9,,,,62000,260,,30,45000,,,92,6,,2,0.1,,,,8
,,24:00HRS,9.6,9.6,106,68,63,45,38,27,13,11,18,27,11,18,0.5,1.1,6,1,9,,,,64000,280,,33,49500,,,92,6,,2,0.2,,,,8
,1/3/2015,8:00HRS,9.6,9.6,104,68,63,45,38,27,13,11,18,27,11,18,0.5,1.1,6,1,9,,,,62000,260,,33,49500,,,92,6,,2,0.2,,,,8
,,16:00HRS,9.6,9.6,104,68,63,45,38,27,13,11,18,27,11,18,0.5,1.1,6,1,9,,,,62000,260,,33,49500,,,92,6,,2,0.2,,,,8
,,24:00HRS,9.6,9.6,104,70,60,43,31,28,13,11,17,26,11,18,0.5,1.1,5.8,1,9,,,,62000,260,,32,48000,,,90,6,,4,0.2,,,,8
,1/4/2015,8:00HRS,9.6,9.6,103,75,68,48,34,27,17,13,20,28,14,25,0.5,1.1,5.5,1,9.5,,,,56000,240,,25,37500,,,90,6,,4,0.2,,,,8
,,16:00HRS,9.6,9.6,103,76,63,45,34,28,16,12,18,27,13,21,0.5,1.1,5.5,1,9.5,,,,56000,240,,34,51000,,,90,6,,4,0.3,,,,8
,,24:00HRS,9.6,9.6,103,75,58,42,35,26,15,13,16,26,13,20,0.5,1.1,5.5,1,9.5,,,,56000,240,,34,51000,,,90,6,,4,0.3,,,,8
,1/5/2015,8:00HRS,9.6,9.6,100,76,63,45,34,28,16,12,18,27,13,21,0.5,1.1,5.7,1,9.5,,,,64000,280,,34,51000,,,90,6,,4,0.3,,,,8
,,16:00HRS,9.6,9.6,100,76,63,45,34,28,16,12,18,27,13,21,0.5,1.1,5.5,1,9.5,,,,64000,280,,34,51000,,,90,6,,4,0.3,,,,8
,,24:00HRS,9.6,9.6,100,75,63,45,35,26,15,13,18,27,13,20,0.5,1.1,5.7,1,9.5,,,,64000,280,,34,51000,,,90,6,,4,0.3,,,,8
,12/6/2015,8:00HRS,9.6,9.6,99,76,63,45,34,28,16,12,18,27,13,21,0.5,1.1,5.7,1,9.5,,,,64000,280,,34,51000,,,90,6,,4,0.3,,,,8
,,16:00HRS,9.6,9.6,99,76,63,45,34,28,16,12,18,27,13,21,0.5,1.1,5.7,1,9.5,,,,64000,280,,34,51000,,,90,6,,4,0.3,,,,8
,,24:00HRS,9.6,9.6,99,75,63,45,35,26,15,13,18,27,13,20,0.5,1.1,5.7,1,9.5,,,,64000,280,,34,51000,,,90,6,,4,0.3,,,,8
OKPORHURU - 8,9/8/2014,8:00HRS,8.6,8.6,,94,59,46,45,40,22,13,33,20,20,22,0.4,2.5,7.5,1,9.5,,,,,200,,,,,,97,3,6.2,,TRACE,2,3,,20
,,16:00HRS,8.6,8.6,85,88,60,45,43,39,23,20,15,30,20,22,0.4,1.7,7,1,9.5,,,,,200,,,,,,97,3,6.2,,TRACE,2,3,,20
,,24:00HRS,8.6,8.6,97,86,59,44,42,40,22,20,15,29,20,22,0.4,1.6,6.9,1,9.5,,,,,200,,,,,,97,3,6.2,,TRACE,2,3,,20
,9/9/2014,8:00HRS,8.6,8.6,97,86,58,44,42,40,22,20,14,30,20,22,0.4,1.9,6.9,1,9.5,,,,,200,,7,10500,,,97,3,6.2,,TRACE,2,3,,12.5
,,16:00HRS,8.7,8.7,98,79,59,44,42,40,22,20,15,29,19,20,0.4,1.6,5,1,9.5,,,,,200,,13,19500,,,96.5,3,6.2,0.5,TRACE,2,3,,10
,,24:00HRS,8.7,8.7,98,74,60,46,42,40,22,20,14,32,18,20,0.4,2.2,5,1,9.5,,,,,200,,13,19500,,,96.5,3,6.2,0.5,TRACE,2,3,,10
,9/10/2014,8:00HRS,8.8,8.8,98,74,58,46,42,40,22,20,12,34,18,20,0.3,2.9,5,1,9.5,,,,,200,,18,27000,,,96,3,6.2,1,TRACE,2,3,,10
,,16:00HRS,8.8,8.8,110,70,59,47,42,40,22,20,12,35,17,19,0.3,3.1,5,1,9.5,,,,,200,,25,37500,,,96,3,6.2,1,TRACE,2,3,,10
,,24:00HRS,8.9,8.9,114,72,60,45,42,40,22,20,15,30,19,20,0.4,1.7,4.3,1,9.5,,,,,200,,27,40500,,,95.5,3,6.2,1.5,TRACE,2,3,,10
,9/11/2014,8:00HRS,9,9,114,69,59,47,42,40,20,18,12,35,19,20,0.3,3.1,4.3,1,9.5,,,,45500,200,,33.5,50250,,,95,3,6.2,2,TRACE,2,3,,10
,,16:00HRS,9,9,,69,60,46,42,40,20,18,14,32,19,20,0.4,2.2,4.3,1,9.5,,,,45500,200,,33.5,50250,,,95,3,6.2,2,TRACE,2,3,,10
,,24:00HRS,9,9,,69,59,47,42,40,20,18,12,35,19,20,0.3,3.1,4.3,1,9.5,,,,45500,200,,33.5,50250,,,95,3,6.2,2,TRACE,2,3,,10
,9/12/2014,8:00HRS,9,9,,69,60,46,42,40,20,18,14,32,19,20,0.4,2.2,4.3,1,9.5,,,,45500,200,,33.5,,,,95,3,6.2,2,TRACE,2,3,,10
,,16:00HRS,9,9,,69,60,46,42,40,20,18,14,32,19,20,0.4,2.2,4.3,1,9.5,,,,45500,200,,33.5,50250,,,95,3,6.2,2,TRACE,2,3,,10
,,24:00HRS,9,9,,69,60,46,42,40,20,18,14,32,19,20,0.3,3.1,4.3,1,9.5,,,,45500,200,,33.5,50250,,,95,3,6.2,2,TRACE,2,3,,10
,9/13/2014,8:00HRS,9,9,,69,59,47,42,40,20,18,12,35,19,20,0.3,3.1,4.3,1,9.5,,,,45500,200,,33.5,50250,,,95,3,6.2,2,TRACE,2,3,,10
,,16:00HRS,9,9,,69,59,47,42,40,20,18,12,35,19,20,0.3,3.1,4.3,1,9.5,,,,45500,200,,33.5,50250,,,95,3,6.2,2,TRACE,2,3,,10
,,24:00HRS,9,9,,69,59,47,42,40,20,18,12,35,19,20,0.3,3.1,4.3,1,9.5,,,,45500,200,,33.5,50250,,,95,3,6.2,2,TRACE,2,3,,10
,9/14/2014,8:00HRS,9,9,,69,59,47,42,40,20,18,12,35,19,20,0.3,3.1,4.3,1,9.5,,,,45500,200,,33.5,50250,,,95,3,6.2,2,TRACE,2,3,,10
,,16:00HRS,9,9,,69,59,47,42,40,20,18,12,35,19,20,0.3,3.1,4.3,1,9.5,,,,45500,200,,33.5,50250,,,95,3,6.2,2,TRACE,2,3,,10
,,24:00HRS,9,9,,69,59,47,42,40,20,18,12,35,19,20,0.3,3.1,4.3,1,9.5,,,,45500,200,,33.5,50250,,,95,3,6.2,2,TRACE,2,3,,10
OBEN - 45,1/25/2015,8:00HRS,8.6,8.6,38,89,87,65,55,36,12,9,22,43,11,17,0.4,0.8,7,1,9.5,,,,,240,,,,,,96,3,2.2,1,0.1,2.3,2,1,17.6
,,16:00HRS,8.5,8.5,38,51,45,32,25,20,10,8,13,19,10,15,0.5,0.8,7,1,9.5,,,,,240,,,,,,96,3,2.2,1,0.1,2.25,2,1,17.6
,,24:00HRS,8.6,8.6,38,70,67,48,32,25,13,10,19,29,11,16,0.5,1.2,7,1,9.5,,,,,240,,,,,,96,3,2.2,1,0.1,2.25,2,1,17
,1/26/2015,8:00HRS,8.5,8.5,38,70,67,48,32,25,13,10,19,29,11,16,0.5,1.2,7,1,9.5,,,,,240,,,,,,96,3,2.2,1,0.1,2.25,2,1,17
,,16:00HRS,8.5,8.5,38,51,45,32,25,20,10,8,13,19,10,15,0.5,0.8,7,1,9.5,,,,,240,,,,,,96,3,2.2,1,0.1,2.25,2,1,17.6
,,24:00HRS,8.6,8.6,38,70,68,49,32,25,13,10,19,30,11,16,0.5,1.3,7,1,9.5,,,,,240,,,,,,96,3,2.2,1,0.1,2.3,2,1,17
,1/27/2015,8:00HRS,8.7,8.7,30,77,63,47,33,26,17,14,16,31,11,18,0.4,1.6,7,1,9.5,,0.6,0.65,,240,,,,,,96,3,2.2,1,0.2,2.3,2,1,16.5
,,16:00HRS,8.7,8.7,30,80,60,45,32,25,17,13,15,30,11,17,0.4,1.7,6,1,9.5,,0.6,0.65,,240,,,,,,96,3,2.2,1,0.2,2.25,2,1,16.5
,,24:00HRS,8.7,8.7,38,70,65,48,32,25,17,14,17,31,11,18,0.4,1.6,6,1,9.5,,0.6,0.65,,240,,,,,,96,3,2.2,1,0.2,2.25,2,1,16.5
,1/28/2015,8:00HRS,8.7,8.7,,70,65,48,32,25,17,14,17,31,11,18,0.4,,6,1,10,,0.7,0.8,,240,,,,,,96,4,2.2,,0.2,2.3,2,TRACE,16.5
,,16:00HRS,8.7,8.7,30,65,60,43,32,25,15,11,17,26,11,17,0.5,1.1,7,1,10,,0.7,0.8,,240,,,,,,96,4,2.2,,0.3,2.3,2,TRACE,15
,,24:00HRS,8.7,8.7,30,79,73,52,32,25,17,14,21,31,11,18,0.5,1.3,6,1,9.5,,0.6,0.7,,240,,,,,,96,4,2.2,,0.3,2.3,2,TRACE,14
,1/29/2015,8:00HRS,8.8,8.8,30,60,60,43,32,26,17,14,17,26,12,17,0.5,1.1,6,1,10,,0.7,0.7,,240,,29.4,44100,,,96,4,2.2,,0.3,2.3,2,TRACE,16.5
,,16:00HRS,8.9,8.9,30,65,60,43,32,26,17,14,17,26,12,17,0.5,1.1,5.5,1,10,,0.7,0.8,,240,,29.4,44100,,,96,4,2.2,,0.3,2.3,2,TRACE,15
,,24:00HRS,8.9,8.9,31,79,72,52,44,33,17,14,20,32,11,18,0.5,1.4,4,1,9.5,,0.6,0.7,,240,,37.2,55800,,,96,4,2.2,,0.3,2.3,2,TRACE,14
,1/30/2015,8:00HRS,8.9,8.9,,70,69,50,43,31,16,13,19,32,10,17,0.5,1,3.5,1,10,,0.6,0.7,,240,,39,58500,,,95,4,2.2,1,0.2,2.3,2,TRACE,12
,,16:00HRS,9,9,30,65,59,42,33,25,17,13,17,25,11,17,0.5,1,5,1,10,,0.6,0.7,,240,,39,58500,,,95,4,2.2,1,0.2,2.3,2,TRACE,11
,,24:00HRS,8.9,8.9,31,65,54,40,32,25,17,13,14,26,10,17,0.4,1.4,4,1,10,,0.6,0.7,,240,,39,58500,,,95,4,2.2,1,0.2,2.3,2,TRACE,11
,1/31/2015,8:00HRS,9,9,,69,60,44,32,24,15,10,16,28,10,17,0.4,,4,1,10,,0.6,0.7,,240,,39,58500,,,94,4,2.2,2,0.2,2.3,2,TRACE,11
,,16:00HRS,9,9.1,,70,63,46,33,25,16,13,17,29,11,17,0.5,1.4,4,1,10,,0.6,0.7,,240,,41,61500,,,94,4,2.2,2,0.2,2.3,2,TRACE,11
,,24:00HRS,9.1,9.1,,65,62,45,32,25,17,13,17,28,10,17,0.5,1.3,4,1,10,,0.6,0.7,,240,,41,61500,,,94,4,2.2,2,0.3,2.3,2,TRACE,10
,2/1/2015,8:00HRS,9.1,9.1,,70,63,46,33,25,16,13,17,29,11,17,0.5,1.4,4,1,10,,0.6,0.7,,240,,41,61500,,,94,4,2.2,2,0.3,2.3,2,TRACE,10
,,16:00HRS,9.1,9.1,,70,63,46,33,25,16,13,17,29,11,17,0.5,1.4,4,1,10,,0.6,0.7,,240,,41,61500,,,94,4,2.2,2,0.2,2.3,2,TRACE,11
,,24:00HRS,9.1,9.1,,65,62,45,32,25,17,13,17,28,10,17,0.5,1.3,4,1,10,,0.6,0.7,,240,,41,61500,,,94,4,2.2,2,0.3,2.3,2,TRACE,10
,2/2/2015,8:00HRS,9.1,9.1,,65,62,45,32,25,17,13,17,28,10,17,0.5,1.3,4,1,10,,0.6,0.7,,240,,41,61500,,,94,4,2.2,2,0.3,2.3,2,TRACE,10
,,16:00HRS,9.1,9.1,,70,63,46,33,25,16,13,17,29,11,17,0.5,1.4,4,1,10,,0.6,0.7,,240,,41,61500,,,94,4,2.2,2.1,0.2,2.3,2,TRACE,11
,,24:00HRS,9.1,9.1,,65,62,45,32,25,17,13,17,28,10,17,0.5,1.3,4,1,10,,0.6,0.7,,240,,41,61500,,,94,4,2.2,2,0.3,2.3,2,TRACE,10
,2/3/2015,8:00HRS,9.1,9.1,,58,56,41,32,25,17,13,15,26,10,17,0.4,1.3,4,1,10,,0.6,0.7,,240,,41,61500,,,94,4,2.2,2,0.3,2.3,2,TRACE,10
,,16:00HRS,9.1,9.1,,58,56,41,32,25,17,13,15,26,10,17,0.4,1.3,4,1,10,,0.6,0.7,,240,,41,61500,,,94,4,2.2,2,0.3,2.3,2,TRACE,10
,,24:00HRS,9.1,9.1,,58,56,41,32,25,17,13,15,26,10,17,0.4,1.3,4,1,10,,0.6,0.7,,240,,41,61500,,,94,4,2.2,2,0.3,2.3,2,TRACE,10
,2/4/2015,8:00HRS,9.1,9.1,,58,56,41,32,25,17,13,15,26,10,17,0.4,1.3,4,1,10,,0.6,0.7,,240,,41,61500,,,94,4,2.2,2,0.3,2.3,2,TRACE,10
,,16:00HRS,9.1,9.1,,39,37,26,19,12,6,4,11,15,5,12,0.5,0.6,6,1,8.5,,0.6,0.7,,240,,38,57000,,,94,4,2.2,2,0.3,2.3,2,TRACE,10
,,24:00HRS,9.1,9.1,,39,37,26,19,12,6,4,11,15,5,12,0.5,0.6,6,1,8.5,,0.6,0.7,,240,,38,57000,,,94,4,2.2,2,0.3,2.3,2,TRACE,10
OBEN - 53,8/26/2022,8:00HRS,8.6,8.6,,84,61,47,38,28,18,17,14,33,16,24,0.4,,9,,9,,,,400,250,,,,,,97,3,0.8,,,,,,18
,,16:00HRS,8.6,8.6,,84,61,47,38,28,18,17,14,33,16,24,0.4,2.3,9,,9,,,,400,250,,,,,,97,3,0.8,,,,,,18
,,24:00HRS,8.6,8.6,,84,61,47,38,28,18,17,14,33,16,24,0.4,2.3,9,,9,,,,400,250,,,,,,97,3,0.8,,,,,,18
,8/27/2022,8:00HRS,8.7,8.7,,81,66,50,41,30,18,17,16,34,15,23,0.4,2.3,9,,9,,,,400,250,,,,,,97,3,0.8,,,,,,18
,,16:00HRS,8.7,8.7,,87,70,52,41,32,18,17,18,34,15,22,0.4,1.8,9,,9,,,,400,250,,,,,,97,3,0.8,,,,,,18
,,24:00HRS,8.7,8.7,,83,65,48,39,28,17,16,17,31,14,22,0.4,1.6,9,,9,,,,400,250,,,,,,97,3,0.8,,,,,,18
,8/28/2022,8:00HRS,8.7,8.7,,81,69,50,38,29,18,17,19,31,13,20,0.5,,9,,9,,,,400,250,,,,,,97,3,0.8,,,,,,18
,,16:00HRS,8.7,8.7,,89,74,53,41,31,19,18,21,32,13,20,0.5,1.3,8,,9,,,,400,250,,,,,,97,3,0.8,,,,,,18
,,24:00HRS,8.7,8.7,,86,72,51,39,30,17,16,21,30,13,20,0.5,1.2,8,,9,,,,400,250,,,,,,97,3,0.8,,,,,,18
,8/31/2022,8:00HRS,9.2,9.2,,83,72,52,41,31,18,16,20,32,12,28,0.5,,5,,9,,,,48000,250,,35,52500,,,97,3,0.8,,,,,,5
,,16:00HRS,9.2,9.2,,83,72,52,41,31,18,16,20,32,12,28,0.5,,5,,9,,,,48000,250,,35,52500,,,97,3,,,0.7,,,,5
,,24:00HRS,9.2,9.2,,83,72,52,41,31,18,16,20,32,12,28,0.5,,5,,9,,,,48000,250,,35,52500,,,97,3,,,0.7,,,,5
,9/1/2022,8:00HRS,9.2,9.2,,83,72,52,41,31,18,16,20,32,12,,0.5,1.4,5,,9,,,,48000,250,,35,52500,,,97,3,0.8,,,,,,5
,,16:00HRS,9.2,9.2,,83,72,52,41,31,18,16,20,32,12,28,0.5,1.4,5,,9,,,,48000,250,,35,52500,,,97,3,,,0.7,,,,5
,,24:00HRS,9.2,9.2,,83,72,52,41,31,18,16,20,32,12,28,0.5,1.4,5,,9,,,,48000,250,,35,52500,,,97,3,,,0.7,,,,5
,9/2/2022,8:00HRS,9.3,9.3,,68,60,43,32,24,17,15,17,26,11,22,0.5,1.1,6,,9,,,,46000,250,,34,51000,,,97,3,,,0.8,,4.5,,5
,,16:00HRS,9.5,9.5,,70,63,46,34,39,18,16,17,29,11,24,0.5,1.4,5,,9,,,,48000,250,,35,52500,,,97,3,,,0.8,,4.5,,5
,,24:00HRS,9.5,9.5,,67,60,44,33,26,17,16,16,28,12,28,0.4,1.4,5,,9,,,,46000,250,,37,55500,,,97,3,,,0.7,,4.5,,5
,9/3/2022,8:00HRS,9.8,9.8,128,64,59,44,33,26,17,16,15,29,11,24,0.4,1.6,5,,9,,,,51000,250,,37,55500,,,97,3,,,0.8,,4.5,,5
,,16:00HRS,9.8,9.8,140,65,60,46,35,25,18,16,14,32,11,24,0.4,2.2,5,,9,,,,51000,250,,37,55500,,,97,3,,,0.8,,4.5,,5
,,24:00HRS,9.8,9.8,141,62,57,43,30,23,17,16,14,29,12,28,0.4,1.7,5,,9,,,,51000,250,,37,55500,,,97,3,,,0.7,,4.5,,5
,9/4/2022,8:00HRS,9.85,,,70,63,46,34,38,17,16,17,29,12,28,0.5,1.4,4.5,,9,,,,59000,250,,40.2,60300,,,96.5,3,,0.5,0.7,,4.5,,5
,,16:00HRS,9.85,,,70,63,46,34,38,17,16,17,29,12,28,0.5,1.4,4.5,,9,,,,59000,250,,40.2,60300,,,96.5,3,,0.5,0.7,,4.5,,5
,,24:00HRS,9.85,,,70,63,46,34,38,17,16,17,29,12,28,0.5,1.4,4.5,,9,,,,59000,250,,40.2,60300,,,96.5,3,,0.5,0.7,,4.5,,5
,9/5/2022,8:00HRS,9.85,,,70,63,46,34,38,17,16,17,29,12,28,0.5,1.4,4.5,,9,,,,59000,250,,40.2,60300,,,96.5,3,,0.5,0.7,,4.5,,5
,,16:00HRS,9.85,,,70,63,46,34,38,17,16,17,29,12,28,0.5,1.4,4.5,,9,,,,59000,250,,40.2,60300,,,96.5,3,,0.5,0.7,,4.5,,5
,,24:00HRS,9.85,,,70,63,46,34,38,17,16,17,29,12,28,0.5,1.4,4.5,,9,,,,59000,250,,40.2,60300,,,96.5,3,,0.5,0.7,,4.5,,5
,9/6/2022,8:00HRS,9.85,,,70,63,46,34,38,17,16,17,29,,,0.5,,4.5,,9,,,,59000,250,,40.2,60300,,,96.5,3,,0.5,0.7,,4.5,,5
,,16:00HRS,9.85,,,59,51,33,25,19,6,5,18,15,7,14,0.6,0.3,4.5,,9,,,,59000,250,,40.2,60300,,,96.5,3,,0.5,0.7,,4.5,,5
,,24:00HRS,9.85,,,59,51,33,25,19,6,5,18,15,7,14,0.6,0.3,4.5,,9,,,,59000,250,,40.2,60300,,,96.5,3,,0.5,0.7,,4.5,,5
,9/7/2022,8:00HRS,9.85,,,59,51,33,25,19,6,5,18,15,,,0.6,0.3,4.5,,9,,,,59000,250,,40.2,60300,,,96.5,3,,0.5,0.7,,4.5,,5
,,16:00HRS,9.85,,,59,51,33,25,19,6,5,18,15,7,14,0.6,0.3,4.5,,9,,,,59000,250,,40.2,60300,,,96.5,3,,0.5,0.7,,4.5,,5
,,24:00HRS,9.85,,,59,51,33,25,19,6,5,18,15,7,14,0.6,0.3,4.5,,9,,,,59000,250,,40.2,60300,,,96.5,3,,0.5,0.7,,4.5,,5
UGHELLI EAST - 35,1/17/2019,8:00HRS,8.9,8.9,,120,83,62,57,38,14,12,21,41,12,25,0.4,,10,1,9.5,,,,,250,,,,,,98,2,4.8,,TRACE,2.5,5,,25
,,16:00HRS,8.9,8.9,,120,81,60,54,36,14,12,21,39,12,24,0.4,2.1,9,1,9.5,,,,,250,,,,,,98,2,4.8,,TRACE,2.5,5,,25
,,24:00HRS,8.9,8.9,,102,66,51,44,33,12,10,15,36,11,22,0.4,2.6,8,1,9,,,,,250,,,,,,98,2,4.8,,0.8,2.5,5,,25
,1/18/2019,8:00HRS,8.7,8.7,,120,83,62,57,38,14,12,21,41,12,25,0.4,,10,1,9.5,,,,,,,,,,,98,2,4.8,,0.8,2.5,5,,25
,,16:00HRS,8.8,8.8,,93,78,57,45,30,14,12,21,36,12,25,0.5,1.7,9,1,9.5,,,,,,,,,,,98,2,4.8,,0.8,2.5,5,,25
,,24:00HRS,8.8,8.8,,90,75,55,46,32,13,11,20,35,11,22,0.4,1.7,7,1,9,,,,30000,,,22,33000,,,98,2,4.8,,0.8,2.5,5,,5
,1/19/2019,8:00HRS,8.8,8.8,110,84,79,57,47,36,13,11,22,35,12,25,0.5,,10,1,9.5,,,,17000,,,14,21000,,,98,2,4.8,,0.8,2.5,5,,5
,,16:00HRS,8.8,8.8,110,82,74,52,41,31,13,12,22,30,12,24,0.5,1.1,9,1,9.5,,,,19000,,,14.5,21750,,,98,2,4.8,,0.8,2.5,5,,5
,,24:00HRS,69,8.8,110,69,65,48,40,31,14,12,17,31,14,28,0.4,1.6,7,1,9.5,,,,23000,,,17.5,26250,,,98,2,4.8,,0.8,2.5,5,,5
,1/20/2019,8:00HRS,8.8,8.8,119,83,85,64,56,45,15,13,21,43,12,26,0.4,,5.5,1,9.5,,,,26000,,,19,28500,,,96,2,4.8,,0.8,2.5,5,,5
,,16:00HRS,8.9,8.9,120,79,82,61,51,43,15,12,21,40,12,26,0.4,2.2,5,1,9.5,,,,29000,,,18,27000,,,96,2,4.8,,0.8,2.5,5,,5
,,24:00HRS,8.9,8.9,120,79,62,47,40,30,12,11,15,32,11,24,0.4,2,5,1,9.5,,,,29000,,,18.5,27750,,,98,2,4.8,,0.8,2.5,5,,5
,1/21/2019,8:00HRS,8.8,8.8,119,83,85,64,56,45,15,13,21,43,12,26,0.4,,5.5,1,9.5,,,,26000,,,19,28500,,,96,2,4.8,2,0.8,2.5,5,,5
,,16:00HRS,8.9,8.9,120,79,82,61,52,43,15,12,21,40,12,25,0.4,2.2,5,1,9.5,,,,29000,,,18,27000,,,96,2,4.8,2,0.8,2.5,5,,5
,,24:00HRS,8.9,8.9,120,79,62,47,40,30,12,11,15,32,11,24,0.4,2,5,1,9.5,,,,29000,,,18.5,27750,,,98,2,4.8,2,0.8,2.5,5,,5
,1/22/2019,8:00HRS,8.8,8.8,119,79,62,47,40,30,12,11,15,32,11,24,0.4,,5.5,1,9.5,,,,29000,,,18.5,27750,,,96,2,4.8,2,0.8,2.5,5,,5
,,16:00HRS,8.9,8.9,120,79,62,47,40,30,12,11,15,32,11,24,0.4,2,5,1,9.5,,,,29000,,,18.5,27750,,,96,2,4.8,2,0.8,2.5,5,,5
,,24:00HRS,8.9,8.9,120,79,62,47,40,30,12,11,15,32,11,24,0.4,2,5,1,9.5,,,,29000,,,18.5,27750,,,98,2,4.8,2,0.8,2.5,5,,5
,1/23/2019,8:00HRS,8.8,8.8,119,79,62,47,40,30,12,11,15,32,11,24,0.4,,5.5,1,9.5,,,,29000,,,18.5,27750,,,96,2,4.8,2,0.8,2.5,5,,5
,,16:00HRS,8.9,8.9,120,79,62,47,40,30,12,11,15,32,11,24,0.4,2,5,1,9.5,,,,29000,,,18.5,27750,,,96,2,4.8,2,0.8,2.5,5,,5
,,24:00HRS,8.9,8.9,120,79,62,47,40,30,12,11,15,32,11,24,0.4,2,5,1,9.5,,,,29000,,,18.5,27750,,,98,2,4.8,2,0.8,2.5,5,,5
UGHELLI EAST - 43,9/8/2023,8:00HRS,8.7,8.7,,65,55,40,32,27,18,15,15,25,10,13,0.5,1.3,10,1,9,,,,,,,,,,,,,,,TRACE,,4,,20
,,16:00HRS,8.7,8.7,,68,57,42,35,29,14,11,15,27,11,15,0.4,1.4,10,1,9,,,,,,,,,,,,,,,TRACE,,4,,15
,,24:00HRS,8.7,8.7,,66,56,41,34,30,16,13,15,26,11,13,0.4,1.3,10,1,9,,,,,,,,,,,,,,,0.4,,4,,15
,9/9/2023,8:00HRS,8.7,8.7,,65,59,44,39,32,15,12,15,29,10,13,0.4,1.6,11,1,9,,,,4000,,,5,7500,,,,,,,0.2,,4,,10
,,16:00HRS,8.8,8.8,,70,60,45,35,29,14,11,15,30,11,12,0.4,1.6,10,1,9,,,,14000,,,10,15000,,,,,,,0.4,,4,,10
,,24:00HRS,8.8,8.8,,67,57,41,34,30,14,13,16,25,11,13,0.5,1.1,10,1,9,,,,18500,,,14,21000,,,,,,,0.6,,4,,10
,9/10/2023,8:00HRS,8.8,8.8,,59,54,41,36,29,14,13,13,28,10,14,0.4,1.8,10,1,9,,,,18500,,,14,21000,,,,,,,0.3,,4,,10
,,16:00HRS,8.8,8.8,,61,60,42,34,25,14,11,18,24,11,15,0.5,0.9,10,1,9,,,,18500,,,14,21000,,,,,,,0.4,,4,,11
,,24:00HRS,8.8,8.8,,66,53,41,34,31,13,13,12,29,10,14,0.4,2.1,9,1,9,,,,18500,,,14,21000,,,,,,,0.2,,4,,13
,9/11/2023,8:00HRS,8.9,8.9,,56,53,41,34,31,13,13,12,29,9,14,0.4,2.1,9,1,9,,,,18500,,,14,21000,,,,,,,0.2,,4,,13
,,16:00HRS,8.9,8.9,,62,60,42,34,25,14,11,18,24,11,15,0.5,0.9,10,1,9,,,,18500,,,14,21000,,,,,,,0.3,,4,,13
,,24:00HRS,9,9,,58,53,41,34,31,13,13,12,29,10,14,0.4,2.1,9,1,9,,,,18500,,,14,21000,,,,,,,0.2,,4,,12
,9/12/2023,8:00HRS,9,9,,64,58,42,33,25,14,12,16,26,11,15,0.5,1.3,9,1,9,,,,18600,,,14,21000,,,,,,,0.3,,4,,11
,,16:00HRS,9,9,,67,60,44,34,25,14,11,16,28,11,15,0.4,1.4,9,1,9,,,,18600,,,14,21000,,,,,,,0.3,,4,,10
,,24:00HRS,9,9,,68,59,43,34,26,15,13,16,27,10,14,0.5,1.3,8,1,9,,,,18600,,,15,22500,,,,,,,0.2,,4,,10
,9/13/2023,8:00HRS,9,9,,68,59,43,34,26,15,13,16,27,10,14,0.5,1.3,8,1,9,,,,19800,,,15,22500,,,,,,,0.2,,4,,10
,,16:00HRS,9,9,,68,59,43,34,26,15,13,16,27,10,14,0.5,1.3,8,1,9,,,,19800,,,15,22500,,,,,,,0.2,,4,,10
,,24:00HRS,9,9,,68,59,43,34,26,15,13,16,27,10,14,0.5,1.3,8,1,9,,,,19800,,,15,22500,,,,,,,0.2,,4,,10
,9/14/2023,8:00HRS,9,9,,68,59,43,34,26,15,13,16,27,10,14,0.5,1.3,9,1,9,,,,19800,,,15,22500,,,,,,,0.2,,4,,10
,,16:00HRS,9,9,,68,59,43,34,26,15,13,16,27,10,14,0.5,1.3,8,1,9,,,,19800,,,15,22500,,,,,,,0.2,,4,,10
,,24:00HRS,9,9,,68,59,43,34,26,15,13,16,27,10,14,0.5,1.3,8,1,9,,,,19800,,,15,22500,,,,,,,0.2,,4,,10
,9/15/2023,8:00HRS,9,9,,68,59,43,34,26,15,13,16,27,10,14,0.5,1.3,9,1,9,,,,19800,,,15,22500,,,,,,,0.2,,4,,10
,,16:00HRS,9,9,,68,59,43,34,26,15,13,16,27,10,14,0.5,1.3,8,1,9,,,,19800,,,15,22500,,,,,,,0.2,,4,,10
,,24:00HRS,9,9,,68,59,43,34,26,15,13,16,27,10,14,0.5,1.3,8,1,9,,,,19800,,,15,22500,,,,,,,0.2,,4,,10
EGBAOMA - 9,3/19/2016,8:00HRS,8.6,,,110,84,70,50,40,25,23,14,56,22,25,0.3,6.9,,,,,,,,,,,,,,,,,,,,,,
,,16:00HRS,8.6,,,110,84,70,50,40,25,23,14,56,22,25,0.3,6.9,,,,,,,,,,,,,,,,,,,,,,
,,24:00HRS,8.6,,,110,84,70,50,40,25,23,14,56,22,25,0.3,6.9,,,,,,,,,,,,,,,,,,,,,,
,3/20/2016,8:00HRS,8.6,,,110,84,70,50,40,25,23,14,56,22,25,0.3,6.9,,,,,,,,,,,,,,,,,,,,,,
,,16:00HRS,8.6,,,110,84,70,50,40,25,23,14,56,22,25,0.3,6.9,,,,,,,,,,,,,,,,,,,,,,
,,24:00HRS,8.6,,,102,70,54,45,40,25,23,16,38,22,25,0.4,2.7,4.5,1,9,,,,,,,,,,,98,2,,,0.9,,,,25
,3/21/2016,8:00HRS,8.6,,,102,70,54,45,40,25,23,16,38,25,29,0.4,2.7,4.5,1,9,,,,,,,,,,,98,2,,,0.9,,,,20
,,16:00HRS,8.6,,,100,69,52,40,40,24,20,17,35,21,26,0.4,2.1,4.5,1,9,,,,,,,,,,,98,2,,,0.9,,,,20
,,24:00HRS,8.6,8.6,,94,68,52,40,40,23,19,16,36,20,24,0.4,2.4,5,1,10,,,,,,,,,,,98,2,,,0.9,,,,20
,3/22/2016,8:00HRS,8.6,8.6,,85,45,35,29,25,15,12,10,25,12,13,0.4,1.9,19,1,8,,,,21000,,,14,21000,,,98,2,,,0.9,,,,15
,,16:00HRS,8.6,8.6,,90,65,50,40,35,23,19,15,35,20,24,0.4,2.4,6,1,9,,,,22500,,,15,22500,,,98,2,,,0.9,,,,12.5
,,24:00HRS,8.6,8.6,,85,60,45,40,30,25,20,15,30,21,23,0.4,1.7,5,1,9,,,,27000,,,18,27000,,,98,2,,,0.9,,,,10
,3/23/2016,8:00HRS,8.8,8.8,110,85,48,38,32,29,21,19,10,28,19,22,0.3,2.4,8,1,9,,,,27000,,,18,27000,,,98,2,,,0.9,,,,10
,,16:00HRS,8.8,8.8,110,90,46,37,30,26,19,17,9,28,19,21,0.3,2.7,5,1,9,,,,27000,,,18,27000,,,98,2,,,0.9,,,,10
,,24:00HRS,8.9,8.9,121,85,50,40,35,30,20,18,10,30,20,25,0.3,2.7,5,1,9,,,,27000,,,18,27000,,,98,2,,,0.9,,,,10
EGBAOMA - 11,1/15/2024,8:00HRS,8.6,,,89,69,54,42,38,19,17,15,39,23,50,0.4,3,,,9,,,,,,,,,,,,,,,0.3,,,,25
,,16:00HRS,8.6,,,89,69,54,42,38,19,17,15,39,23,50,0.4,3,,,9,,,,,,,,,,,,,,,0.3,,,,25
,,24:00HRS,8.6,,,89,69,54,42,38,19,17,15,39,23,50,0.4,3,,,9,,,,,,,,,,,,,,,0.3,,,,25
,1/16/2024,8:00HRS,8.6,,,89,69,54,42,38,19,17,15,39,23,50,0.4,3,,,9,,,,,,,,,,,,,,,0.3,,,,25
,,16:00HRS,8.6,,,89,69,54,42,38,19,17,15,39,23,50,0.4,3,,,9,,,,,,,,,,,,,,,0.3,,,,25
,,24:00HRS,8.6,,,89,69,54,42,38,19,17,15,39,23,50,0.4,3,,,9,,,,,,,,,,,,,,,0.3,,,,25
,1/17/2024,8:00HRS,8.7,8.7,,89,70,54,42,38,19,17,16,38,23,50,0.4,3,,,9,,,,,,,,,,,,,,,0.3,,,,25
,,16:00HRS,8.8,8.8,,86,69,52,43,39,19,17,17,35,23,48,0.4,2.1,,,9,,,,,,,,,,,,,,,0.3,,,,25
,,24:00HRS,8.8,8.8,,89,70,53,41,39,18,17,17,36,23,45,0.4,2.2,,,9,,,,,,,,,,,,,,,0.3,,,,25
,1/18/2024,8:00HRS,8.8,8.8,,89,69,53,43,39,19,17,16,37,23,47,0.4,2.1,,,9,,,,,,,,,,,,,,,0.3,,,,25
,,16:00HRS,8.8,8.8,,90,70,52,43,39,18,16,18,34,23,47,0.4,2.1,,,9,,,,,,,,,,,,,,,0.3,,,,25
,,24:00HRS,8.8,8.8,,88,70,53,41,39,19,17,17,36,23,45,0.4,2.2,,,9,,,,,,,,,,,,,,,0.3,,,,25
,1/19/2024,8:00HRS,8.9,8.9,,89,71,54,44,38,19,17,17,37,23,47,0.4,1.9,,,9,,,,,,,,,,,,,,,0.3,,,,25
,,16:00HRS,8.9,8.9,,85,70,52,43,39,17,16,18,34,23,48,0.4,1.8,,,9,,,,,,,,,,,,,,,0.3,,,,25
,,24:00HRS,8.9,8.9,,80,67,49,39,34,17,15,18,31,21,42,0.5,1.5,11,1,9,,,,,,,7,10500,,,,,,,0.3,,,,12
,1/20/2024,8:00HRS,8.9,8.9,,79,67,49,43,34,17,15,18,31,23,48,0.5,1.8,10,1,9,,,,9601,,,7,10500,,,89,11,,,0.2,,3,,10
,,16:00HRS,8.9,8.9,,80,59,45,40,39,17,16,14,31,23,48,0.4,2,8.5,1,9,,,,10150,,,8,12000,,,89,11,,,0.3,,3,,8
,,24:00HRS,9,9,,78,58,44,41,34,17,15,14,30,21,42,0.4,1.9,8.2,1,9,,,,10150,,,8,12000,,,90,10,,,0.2,,3,,7
,1/21/2024,8:00HRS,9.3,9.3,,70,58,46,41,39,18,16,12,34,21,43,0.3,2,8.2,1,8.5,,,,13800,,,10,19250,,,100,,,,0.3,,3,,10
,,16:00HRS,9.4,9.4,,69,59,45,40,39,17,15,14,31,22,40,0.4,2,8.2,1,9,,,,13800,,,10,19250,,,90,10,,2,0.3,,3,,8
,,24:00HRS,9.6,9.6,,68,58,44,41,34,17,15,14,30,21,42,0.4,1.9,8.3,1,9,,,,15504,,,12,24890,,,91,9,,2,0.2,,3,,5
,1/22/2024,8:00HRS,9.6,9.6,,61,61,46,41,36,18,16,15,31,22,43,0.4,0.4,9,1,9,,,,16504,,,13,26833,,,89,8,,3,0.2,,4,,5
,,16:00HRS,9.6,9.6,,69,62,45,40,39,17,15,17,28,22,40,0.5,1.3,9,1,9,,,,16504,,,13,26833,,,89,8,,3,0.2,,4,,5
,,24:00HRS,9.6,9.6,,68,62,45,41,34,17,15,17,28,21,42,0.5,1.3,8.7,1,9,,,,16504,,,13,26833,,,89,8,,3,0.2,,4,,5
,1/23/2024,8:00HRS,9.6,9.6,,69,61,45,40,39,17,15,16,29,22,40,0.4,1.5,8.9,1,9.5,,,,16504,,,13,26833,,,89,8,,3,0.2,,3,,5
,,16:00HRS,9.6,9.6,,69,62,45,40,39,17,15,17,28,22,40,0.5,1.3,8,1,9.5,,,,16504,,,13,26833,,,89,8,,3,0.2,,3,,5
,,24:00HRS,9.6,9.6,,68,62,45,41,34,17,15,17,28,21,42,0.5,1.3,8,1,9.5,,,,16504,,,13,26839,,,89,8,,3,0.2,,3,,5
,1/24/2024,8:00HRS,9.6,9.6,,68,62,45,41,34,17,15,17,28,21,40,0.5,1.3,8,1,9.5,,,,16510,,,13,27100,,,89,8,,3,0.2,,3,,5
,,16:00HRS,9.6,9.6,,69,62,45,40,39,17,15,17,28,22,40,0.5,1.3,8,1,9.5,,,,16510,,,13,27100,,,89,8,,3,0.2,,3,,5
,,24:00HRS,9.6,9.6,,68,62,45,41,34,17,15,17,28,21,40,0.5,1.3,8,1,9.5,,,,16510,,,13,27100,,,89,8,,3,0.2,,3,,5
,1/25/2024,8:00HRS,9.6,9.6,,67,62,45,40,39,17,15,17,28,22,38,0.5,1.3,8,1,9.5,,,,17200,,,15,28300,,,89,8,,3,0.2,,3,,5
,,16:00HRS,9.6,9.6,,69,62,45,40,39,17,15,17,28,22,40,0.5,1.3,8,1,9.5,,,,17200,,,15,28300,,,89,8,,3,0.2,,3,,5
,,24:00HRS,9.8,9.8,,72,65,46,41,34,17,15,19,27,21,42,0.5,1,8.5,1,10,,,,18450,,,17,29900,,,89,8,,3,0.2,,3,,5
,1/26/2024,8:00HRS,9.8,9.8,110,72,65,46,41,34,17,15,19,27,20,41,0.5,,9,1,10,,,,18450,,,17,29900,,,89,8,,3,0.3,,3,,5
,,16:00HRS,9.8,9.8,115,70,62,45,40,39,17,15,17,28,22,40,0.5,1.3,8,1,10,,,,20100,,,18,31200,,,89,8,,3,0.2,,3,,5
,,24:00HRS,9.8,9.8,119,71,66,48,41,34,17,15,18,30,20,41,0.5,1.4,8,1,10,,,,20100,,,18,31200,,,90,8,,2,0.2,,3,,5
,1/27/2024,8:00HRS,9.8,9.8,,69,62,45,40,39,17,15,17,28,21,38,0.5,1.3,8,1,10,,,,20100,,,18,31200,,,89,8,,3,0.2,,3,,5
,,16:00HRS,9.8,9.8,,68,62,45,40,39,17,15,17,28,22,40,0.5,1.3,8,1,10,,,,20100,,,18,31200,,,89,8,,3,0.2,,3,,5
,,24:00HRS,10,10,,75,65,46,41,34,17,15,19,27,20,39,0.5,1,8,1,10,,,,20100,,,18,31200,,,90,8,,2,0.2,,3,,5
,1/28/2024,8:00HRS,10,10,,75,65,46,41,34,17,16,19,27,21,40,0.5,1,8,1,10,,,,20100,,,18,31200,,,89,8,,3,0.2,,3,,5
,,16:00HRS,10,10,,68,64,48,40,39,18,14,16,32,23,41,0.4,1.8,8,1,10,,,,20100,,,18,31200,,,89,8,,3,0.2,,3,,5
,,24:00HRS,10,10,,73,63,47,39,33,17,15,16,31,20,39,0.4,1.7,8,1,10,,,,20100,,,18,31200,,,90,8,,2,0.2,,3,,5
,1/29/2024,8:00HRS,10,10,,68,64,48,40,39,18,14,16,32,20,41,0.4,1.8,8,1,10,,,,20100,,,18,31200,,,90,8,,2,0.2,,3,,5
,,16:00HRS,10,10,,68,64,48,40,39,18,14,16,32,20,41,0.4,1.8,8,1,10,,,,20100,,,18,31200,,,90,8,,2,0.2,,3,,5
,,24:00HRS,10,10,,70,63,47,39,33,17,15,16,31,20,41,0.4,1.7,8,1,10,,,,20100,,,18,31200,,,90,8,,2,0.2,,3,,5
,1/30/2024,8:00HRS,10,10,,69,63,47,40,38,17,14,16,31,19,40,0.4,1.7,8,1,10,,,,20100,,,18,31200,,,90,8,,2,0.2,,3,,5
,,16:00HRS,10,10,,69,63,48,40,39,18,14,15,33,20,41,0.4,2.1,8,1,10,,,,20100,,,18,31200,,,90,8,,2,0.2,,3,,5
,,24:00HRS,10,10,,69,63,47,40,38,17,14,16,31,20,41,0.4,1.7,8,1,10,,,,20100,,,18,31200,,,90,8,,2,0.2,,3,,5
,1/31/2024,8:00HRS,10,10,,68,63,47,40,39,18,14,16,31,20,40,0.4,2.1,8,1,10,,,,20100,,,18,31200,,,90,8,,2,0.2,,3,,5
,,16:00HRS,10,10,,69,63,48,40,39,18,14,15,33,20,41,0.4,2.1,8,1,10,,,,20100,,,18,31200,,,90,8,,2,0.2,,3,,5
,,24:00HRS,10,10,,69,63,47,39,33,17,15,16,31,20,41,0.4,1.7,8,1,10,,,,20100,,,18,31200,,,90,8,,2,0.2,,3,,5
,2/1/2024,8:00HRS,10,10,,69,63,48,40,39,18,14,15,33,20,41,0.4,2.1,8,1,10,,,,20100,,,18,31200,,,90,8,,2,0.2,,3,,5
,,16:00HRS,10,10,,69,63,48,40,39,18,14,15,33,20,41,0.4,2.1,8,1,10,,,,20100,,,18,31200,,,90,8,,2,0.2,,3,,5
,,24:00HRS,10,10,,69,63,47,39,33,17,15,16,31,20,41,0.4,1.7,8,1,10,,,,20100,,,18,31200,,,90,8,,2,0.2,,3,,5
,2/2/2024,8:00HRS,10,,,69,63,47,40,39,17,15,16,31,19,39,0.4,1.7,8,1,10,,,,20100,,,18,31200,,,90,8,,2,0.2,,3,,5
,,16:00HRS,10,,,69,63,47,40,39,17,15,16,31,19,39,0.4,1.7,8,1,10,,,,20100,,,18,31200,,,90,8,,2,0.2,,3,,5
,,24:00HRS,10,,,69,63,47,39,33,17,15,16,31,19,39,0.4,1.7,8,1,10,,,,20100,,,18,31200,,,90,8,,2,0.2,,3,,5
,2/3/2024,8:00HRS,10,,,68,63,47,40,39,17,15,16,31,19,39,0.4,1.7,9,1,9,,,,,,,,,,,90,8,,2,0.2,,3,,5
,,16:00HRS,10,,,68,63,47,40,39,17,15,16,31,19,39,0.4,1.7,9,1,9,,,,,,,,,,,90,8,,2,0.2,,3,,5
,,24:00HRS,10,,,68,63,47,40,39,17,15,16,31,19,39,0.4,1.7,9,1,9,,,,,,,,,,,90,8,,2,0.2,,3,,5
,2/4/2024,8:00HRS,10,,,68,63,47,40,39,17,15,16,31,19,39,0.4,1.7,,,,,,,,,,,,,,,,,,,,,,
,,16:00HRS,10,,,68,63,47,40,39,17,15,16,31,19,39,0.4,1.7,,,,,,,,,,,,,,,,,,,,,,
,,24:00HRS,10,,,68,63,47,40,39,17,15,16,31,19,39,0.4,1.7,,,,,,,,,,,,,,,,,,,,,,
,2/5/2024,8:00HRS,10,,,68,63,47,40,39,17,15,16,31,19,39,0.4,1.7,,,,,,,,,,,,,,,,,,,,,,
,,16:00HRS,10,,,68,63,47,40,39,17,15,16,31,19,39,0.4,1.7,,,,,,,,,,,,,,,,,,,,,,
,,24:00HRS,10,,,68,63,47,40,39,17,15,16,31,19,39,0.4,1.7,,,,,,,,,,,,,,,,,,,,,,
,2/6/2024,8:00HRS,10,,,67,61,44,38,36,15,14,17,27,17,36,0.5,1.2,,,,,,,,,,,,,,,,,,,,,,
,,16:00HRS,10,,,67,61,44,38,36,15,13,17,27,17,36,0.5,1.2,,,,,,,,,,,,,,,,,,,,,,
,,24:00HRS,10,,,66,61,45,39,35,16,14,16,29,17,36,0.4,1.5,,,,,,,,,,,,,,,,,,,,,,
,2/7/2024,8:00HRS,10,,,67,61,45,39,35,16,14,16,29,17,36,0.4,1.5,,,,,,,,,,,,,,,,,,,,,,
,,16:00HRS,10,,,67,61,45,39,35,16,14,16,29,17,36,0.4,1.5,,,,,,,,,,,,,,,,,,,,,,
,,24:00HRS,10,,,69,62,46,40,35,17,15,16,30,17,36,0.4,1.6,,,,,,,,,,,,,,,,,,,,,,
